{"stats":{"minecraft:dropped":{"tombstone:grave_dust":1,"alexsmobs:animal_dictionary":2,"tombstone:gift":1},"minecraft:picked_up":{"alexsmobs:animal_dictionary":2},"minecraft:used":{"tombstone:gift":1},"minecraft:custom":{"minecraft:jump":42,"minecraft:time_since_rest":1843,"minecraft:leave_game":1,"minecraft:walk_on_water_one_cm":97,"minecraft:crouch_one_cm":116,"minecraft:sprint_one_cm":4633,"minecraft:play_time":4631,"minecraft:deaths":1,"minecraft:time_since_death":2416,"minecraft:walk_one_cm":3684,"minecraft:sneak_time":94,"minecraft:total_world_time":4631,"minecraft:walk_under_water_one_cm":1862,"minecraft:drop":4,"minecraft:fly_one_cm":167565}},"DataVersion":3465}