{"stats":{"minecraft:killed_by":{"minecraft:husk":2,"minecraft:wither_skeleton":2,"alexsmobs:bison":1,"alexsmobs:centipede_head":2,"minecraft:blaze":1,"alexsmobs:gorilla":2},"minecraft:dropped":{"minecraft:enchanted_book":1,"minecraft:birch_planks":4,"minecraft:wheat_seeds":4,"minecraft:lapis_lazuli":2,"minecraft:cooked_beef":8,"minecraft:oak_log":2,"minecraft:diamond":20,"minecraft:pitcher_pod":1,"minecraft:golden_axe":1,"minecraft:iron_helmet":1,"minecraft:cobblestone":6,"travelersbackpack:blue_sleeping_bag":1,"minecraft:coal":29,"alexsmobs:bison_fur":2,"minecraft:birch_slab":1,"minecraft:leather_helmet":1,"minecraft:stick":31,"minecraft:cracked_polished_blackstone_bricks":2,"minecraft:dirt":25,"tombstone:grave_key":1,"tombstone:grave_dust":4,"minecraft:gilded_blackstone":1,"minecraft:gold_nugget":34,"minecraft:phantom_membrane":1,"minecraft:polished_blackstone_bricks":5,"minecraft:iron_shovel":1,"minecraft:string":26,"minecraft:birch_log":3,"minecraft:white_wool":2,"minecraft:gold_ingot":4,"minecraft:bone":3,"minecraft:nether_wart":3,"minecraft:sugar_cane":5,"minecraft:iron_nugget":76,"minecraft:cobbled_deepslate":3,"alexscaves:cave_tablet":1,"minecraft:birch_sapling":21,"minecraft:rotten_flesh":3,"minecraft:oak_planks":1,"minecraft:stripped_acacia_wood":2,"minecraft:acacia_stairs":1,"minecraft:chainmail_chestplate":1,"alexsmobs:leafcutter_ant_pupa":1,"minecraft:filled_map":2,"alexsmobs:elastic_tendon":4,"minecraft:spruce_planks":7,"minecraft:oak_boat":1,"minecraft:oak_sapling":52,"minecraft:iron_ore":43,"minecraft:arrow":4,"minecraft:bow":1,"minecraft:glass":2,"biomesoplenty:mahogany_sapling":4,"minecraft:raw_gold":2,"minecraft:crying_obsidian":1},"minecraft:mined":{"alexscaves:spelunkery_table":2,"minecraft:crying_obsidian":1,"minecraft:tuff":5,"minecraft:spruce_planks":71,"minecraft:cobbled_deepslate_stairs":2,"minecraft:deepslate_diamond_ore":8,"minecraft:jungle_leaves":108,"minecraft:obsidian":11,"travelersbackpack:blue_sleeping_bag":2,"minecraft:chiseled_polished_blackstone":1,"minecraft:grass_block":11,"minecraft:cracked_polished_blackstone_bricks":3,"minecraft:nether_wart":1,"minecraft:polished_blackstone_brick_slab":7,"minecraft:coal_block":9,"minecraft:birch_slab":2,"minecraft:gilded_blackstone":2,"minecraft:spawner":7,"minecraft:polished_blackstone_bricks":10,"minecraft:oak_trapdoor":2,"minecraft:furnace":1,"minecraft:iron_ore":4,"minecraft:fire":4,"minecraft:acacia_stairs":2,"minecraft:anvil":5,"minecraft:deepslate_lapis_ore":6,"minecraft:gold_block":12,"minecraft:brown_bed":1,"minecraft:enchanting_table":1,"minecraft:bookshelf":2,"biomesoplenty:high_grass":50,"minecraft:shroomlight":1,"biomesoplenty:mahogany_leaves":11,"minecraft:stripped_oak_log":3,"minecraft:stone":57,"minecraft:white_wool":12,"minecraft:spruce_slab":2,"minecraft:soul_sand":8,"minecraft:red_bed":2,"minecraft:blackstone":20,"minecraft:smoker":1,"minecraft:soul_fire":3,"minecraft:polished_blackstone_brick_wall":1,"biomesoplenty:black_sand":8,"travelersbackpack:standard":1,"minecraft:crafting_table":13,"biomesoplenty:small_rose_quartz_bud":1,"minecraft:blast_furnace":2,"biomesoplenty:high_grass_plant":156,"minecraft:tall_grass":10,"minecraft:cobblestone":4,"biomesoplenty:sprout":1,"biomesoplenty:huge_clover_petal":2,"minecraft:oak_planks":6,"minecraft:sugar_cane":9,"minecraft:blue_bed":1,"minecraft:spruce_stairs":14,"minecraft:cyan_wool":2,"minecraft:birch_planks":4,"dungeonsweaponry:wraith_fire":4,"minecraft:birch_log":67,"minecraft:spruce_log":1,"biomesoplenty:large_rose_quartz_bud":1,"minecraft:stripped_oak_wood":23,"minecraft:black_bed":1,"minecraft:tnt":4,"minecraft:grass":150,"minecraft:oak_log":132,"minecraft:coal_ore":53,"minecraft:sand":56,"minecraft:dirt":19,"minecraft:cobweb":1,"minecraft:stripped_acacia_wood":19,"minecraft:stonecutter":1,"minecraft:netherrack":68,"minecraft:gold_ore":2,"minecraft:oak_leaves":115,"minecraft:deepslate":2,"minecraft:fern":8},"minecraft:picked_up":{"minecraft:nether_wart":3,"minecraft:crafting_table":12,"minecraft:anvil":5,"alexscaves:cave_tablet":1,"minecraft:brown_bed":1,"minecraft:gold_block":12,"minecraft:enchanted_book":1,"minecraft:gilded_blackstone":2,"minecraft:string":16,"minecraft:oak_trapdoor":5,"minecraft:red_bed":1,"minecraft:blackstone":15,"minecraft:cobbled_deepslate":5,"biomesoplenty:black_sand":1,"minecraft:gold_nugget":17,"alexsmobs:banana":2,"minecraft:spruce_planks":19,"minecraft:oak_boat":2,"alexsmobs:elastic_tendon":4,"minecraft:cyan_wool":2,"minecraft:jungle_sapling":1,"minecraft:iron_nugget":64,"minecraft:coal_block":9,"minecraft:spruce_slab":1,"alexsmobs:raccoon_tail":1,"minecraft:sugar_cane":18,"minecraft:birch_sapling":21,"minecraft:phantom_membrane":1,"minecraft:furnace":1,"minecraft:polished_blackstone_brick_slab":6,"minecraft:stick":33,"minecraft:raw_iron":4,"minecraft:porkchop":19,"minecraft:polished_blackstone_bricks":10,"minecraft:golden_axe":1,"tombstone:grave_dust":2,"alexsmobs:leafcutter_ant_pupa":1,"alexsmobs:centipede_leg":2,"minecraft:dark_oak_planks":1,"minecraft:tnt":3,"minecraft:arrow":6,"minecraft:rotten_flesh":15,"biomesoplenty:mahogany_sapling":4,"alexscaves:spelunkery_table":2,"minecraft:blaze_rod":3,"minecraft:obsidian":11,"minecraft:white_wool":5,"minecraft:cobblestone":60,"minecraft:stripped_oak_log":3,"minecraft:birch_log":67,"minecraft:enchanting_table":1,"minecraft:cooked_beef":23,"minecraft:birch_slab":5,"minecraft:black_bed":1,"minecraft:leather":6,"minecraft:smoker":1,"minecraft:birch_planks":4,"alexsmobs:bison_fur":2,"minecraft:tuff":4,"minecraft:oak_log":135,"minecraft:cobbled_deepslate_stairs":2,"minecraft:lapis_lazuli":34,"minecraft:dirt":32,"tombstone:gift":1,"alexsmobs:unsettling_kimono":1,"minecraft:bone":4,"minecraft:apple":4,"minecraft:bow":1,"minecraft:stonecutter":1,"minecraft:wheat_seeds":17,"minecraft:raw_gold":2,"minecraft:stripped_oak_wood":22,"minecraft:soul_sand":6,"minecraft:pitcher_pod":1,"minecraft:oak_planks":6,"minecraft:book":6,"minecraft:chiseled_polished_blackstone":1,"minecraft:stripped_acacia_wood":2,"minecraft:sand":51,"travelersbackpack:blue_sleeping_bag":2,"minecraft:blast_furnace":2,"minecraft:spruce_log":1,"minecraft:crying_obsidian":1,"minecraft:jungle_leaves":70,"travelersbackpack:standard":1,"minecraft:diamond":8,"minecraft:cracked_polished_blackstone_bricks":5,"minecraft:emerald":2,"minecraft:oak_sapling":52,"minecraft:netherrack":66,"minecraft:coal":67},"minecraft:broken":{"minecraft:shield":1,"minecraft:iron_axe":1},"minecraft:killed":{"minecraft:witch":1,"alexsmobs:raccoon":4,"minecraft:spider":3,"alexsmobs:murmur":1,"minecraft:phantom":2,"minecraft:skeleton":5,"alexsmobs:orca":1,"alexsmobs:leafcutter_ant":3,"alexsmobs:bison":2,"alexsmobs:centipede_head":1,"minecraft:piglin_brute":4,"minecraft:piglin":1,"minecraft:husk":6,"alexsmobs:anteater":1,"minecraft:zombie_villager":1,"alexsmobs:seal":1,"minecraft:hoglin":1,"minecraft:zombie":15,"minecraft:wither_skeleton":1,"minecraft:blaze":7},"minecraft:crafted":{"minecraft:oak_door":3,"minecraft:oak_planks":224,"minecraft:iron_nugget":9,"minecraft:furnace":1,"minecraft:oak_trapdoor":16,"minecraft:glass":4,"minecraft:diamond_leggings":1,"minecraft:iron_axe":2,"minecraft:chest":2,"minecraft:smoker":1,"minecraft:coal_block":2,"minecraft:cooked_porkchop":13,"minecraft:crafting_table":4,"minecraft:enchanting_table":1,"travelersbackpack:backpack_tank":1,"minecraft:iron_helmet":1,"minecraft:gold_block":2,"minecraft:bucket":1,"minecraft:air":0,"minecraft:oak_boat":1,"minecraft:iron_chestplate":1,"minecraft:diamond_pickaxe":1,"minecraft:shield":2,"minecraft:stick":12,"minecraft:iron_ingot":101,"minecraft:iron_block":3,"minecraft:anvil":1,"minecraft:shears":1,"minecraft:diamond_chestplate":1},"minecraft:custom":{"minecraft:interact_with_anvil":3,"minecraft:mob_kills":73,"minecraft:interact_with_crafting_table":38,"minecraft:open_barrel":25,"minecraft:leave_game":9,"minecraft:time_since_death":636,"minecraft:damage_resisted":94,"minecraft:climb_one_cm":10770,"minecraft:sprint_one_cm":442272,"minecraft:walk_one_cm":427763,"minecraft:damage_blocked_by_shield":2920,"minecraft:drop":84,"minecraft:play_time":247263,"minecraft:sneak_time":21599,"minecraft:deaths":14,"minecraft:walk_under_water_one_cm":50068,"minecraft:boat_one_cm":95580,"minecraft:jump":3554,"minecraft:interact_with_blast_furnace":9,"minecraft:walk_on_water_one_cm":28955,"minecraft:total_world_time":247263,"minecraft:interact_with_furnace":5,"tombstone:raider_killed":3,"minecraft:interact_with_loom":19,"minecraft:sleep_in_bed":4,"minecraft:time_since_rest":1,"minecraft:damage_taken":7430,"minecraft:damage_absorbed":378,"minecraft:damage_dealt":15578,"minecraft:swim_one_cm":156741,"minecraft:fly_one_cm":828084,"minecraft:open_chest":79,"minecraft:crouch_one_cm":52292,"tombstone:undead_killed":31,"minecraft:interact_with_smoker":2,"minecraft:fall_one_cm":119496},"minecraft:used":{"minecraft:oak_trapdoor":16,"minecraft:polished_blackstone_brick_slab":3,"minecraft:jungle_leaves":2,"minecraft:enchanting_table":1,"minecraft:iron_shovel":92,"minecraft:flint_and_steel":1,"minecraft:spruce_slab":1,"minecraft:chest":2,"minecraft:spruce_planks":3,"minecraft:shield":74,"minecraft:iron_sword":370,"minecraft:netherrack":66,"minecraft:iron_chestplate":1,"minecraft:oak_door":3,"minecraft:soul_sand":6,"minecraft:dirt":5,"minecraft:anvil":5,"minecraft:cyan_wool":2,"minecraft:tuff":4,"minecraft:obsidian":5,"minecraft:dark_oak_planks":1,"minecraft:jungle_sapling":1,"minecraft:iron_axe":388,"minecraft:iron_helmet":1,"alexscaves:spelunkery_table":1,"minecraft:golden_carrot":7,"minecraft:gold_block":1,"alexsmobs:banana":2,"tombstone:gift":4,"minecraft:cooked_beef":15,"minecraft:cobbled_deepslate":2,"minecraft:enchanted_golden_apple":1,"minecraft:iron_leggings":1,"biomesoplenty:black_sand":1,"minecraft:water_bucket":110,"minecraft:diamond_boots":1,"minecraft:oak_planks":65,"minecraft:blackstone":8,"minecraft:polished_blackstone_bricks":4,"minecraft:gilded_blackstone":1,"minecraft:white_wool":2,"minecraft:golden_apple":11,"travelersbackpack:blue_sleeping_bag":1,"alexscaves:cave_book":1,"minecraft:tnt":1,"minecraft:crafting_table":15,"minecraft:red_bed":1,"minecraft:blast_furnace":1,"minecraft:crossbow":16,"minecraft:smoker":1,"minecraft:shears":100,"tombstone:bag_of_seeds":1,"minecraft:oak_log":4,"minecraft:diamond_pickaxe":183,"minecraft:birch_slab":4,"minecraft:cracked_polished_blackstone_bricks":3,"minecraft:bread":16,"minecraft:iron_pickaxe":131,"minecraft:leather_helmet":1,"minecraft:diamond_sword":27,"minecraft:cobblestone":30,"minecraft:bucket":117,"minecraft:oak_boat":1,"minecraft:golden_pickaxe":1,"minecraft:splash_potion":3}},"DataVersion":3465}