{"stats":{"minecraft:killed_by":{"minecraft:wither_skeleton":2,"minecraft:blaze":1,"alexsmobs:gorilla":2,"minecraft:husk":2,"alexsmobs:bison":1,"alexsmobs:centipede_head":2},"minecraft:dropped":{"minecraft:birch_planks":4,"minecraft:lapis_lazuli":2,"minecraft:cooked_beef":8,"minecraft:oak_log":2,"minecraft:diamond":20,"minecraft:pitcher_pod":1,"travelersbackpack:blue_sleeping_bag":1,"minecraft:polished_blackstone_brick_wall":1,"minecraft:leather_helmet":1,"minecraft:birch_slab":1,"alexsmobs:bison_fur":2,"minecraft:cracked_polished_blackstone_bricks":2,"minecraft:dirt":25,"minecraft:gold_nugget":34,"minecraft:gilded_blackstone":1,"minecraft:phantom_membrane":1,"minecraft:polished_blackstone_bricks":6,"minecraft:birch_log":3,"minecraft:white_wool":2,"minecraft:gold_ingot":4,"minecraft:bone":3,"minecraft:sugar_cane":5,"minecraft:iron_nugget":76,"minecraft:cobbled_deepslate":3,"alexscaves:cave_tablet":1,"minecraft:birch_sapling":21,"minecraft:rotten_flesh":3,"minecraft:oak_planks":1,"minecraft:acacia_stairs":1,"minecraft:chainmail_chestplate":1,"alexsmobs:leafcutter_ant_pupa":1,"alexsmobs:elastic_tendon":4,"minecraft:iron_ore":43,"minecraft:iron_bars":1,"minecraft:arrow":4,"biomesoplenty:mahogany_sapling":4,"minecraft:glass":2,"minecraft:crying_obsidian":1,"minecraft:quartz":17,"minecraft:enchanted_book":2,"minecraft:wheat_seeds":4,"minecraft:golden_axe":1,"minecraft:iron_helmet":1,"minecraft:cobblestone":6,"minecraft:coal":29,"minecraft:stick":31,"tombstone:grave_key":1,"alexsmobs:dropbear_claw":2,"tombstone:grave_dust":4,"minecraft:iron_shovel":1,"minecraft:string":26,"minecraft:nether_wart":3,"minecraft:stripped_acacia_wood":2,"minecraft:filled_map":2,"minecraft:spruce_planks":7,"minecraft:oak_boat":1,"minecraft:oak_sapling":52,"minecraft:bow":1,"minecraft:raw_gold":2},"minecraft:mined":{"minecraft:spruce_planks":71,"minecraft:cobbled_deepslate_stairs":2,"minecraft:jungle_leaves":108,"minecraft:obsidian":11,"travelersbackpack:blue_sleeping_bag":2,"minecraft:chiseled_polished_blackstone":1,"minecraft:grass_block":11,"minecraft:cracked_polished_blackstone_bricks":3,"minecraft:coal_block":9,"minecraft:polished_blackstone_brick_slab":7,"minecraft:nether_wart":1,"minecraft:gilded_blackstone":2,"minecraft:spawner":7,"minecraft:polished_blackstone_bricks":12,"minecraft:iron_ore":4,"minecraft:fire":4,"minecraft:deepslate_lapis_ore":6,"minecraft:anvil":5,"minecraft:enchanting_table":1,"minecraft:brown_bed":1,"minecraft:iron_bars":1,"minecraft:spruce_slab":2,"minecraft:red_bed":2,"minecraft:blackstone":21,"minecraft:smoker":1,"minecraft:soul_fire":3,"minecraft:blast_furnace":2,"minecraft:nether_quartz_ore":17,"minecraft:cobblestone":4,"minecraft:sugar_cane":9,"minecraft:oak_planks":6,"minecraft:cyan_wool":2,"minecraft:warped_planks":1,"minecraft:birch_log":67,"biomesoplenty:large_rose_quartz_bud":1,"minecraft:stripped_oak_wood":23,"minecraft:tnt":4,"minecraft:black_bed":1,"minecraft:grass":150,"minecraft:oak_log":132,"minecraft:sand":56,"minecraft:dirt":19,"minecraft:stonecutter":1,"minecraft:netherrack":68,"minecraft:oak_leaves":115,"minecraft:deepslate":2,"alexscaves:spelunkery_table":2,"minecraft:crying_obsidian":1,"minecraft:tuff":5,"minecraft:deepslate_diamond_ore":8,"minecraft:birch_slab":2,"minecraft:oak_trapdoor":2,"minecraft:furnace":1,"minecraft:acacia_stairs":2,"minecraft:gold_block":12,"minecraft:bookshelf":2,"biomesoplenty:high_grass":50,"minecraft:shroomlight":1,"biomesoplenty:mahogany_leaves":11,"minecraft:stripped_oak_log":3,"minecraft:stone":57,"minecraft:white_wool":12,"minecraft:soul_sand":8,"biomesoplenty:black_sand":8,"minecraft:polished_blackstone_brick_wall":2,"travelersbackpack:standard":2,"minecraft:crafting_table":13,"biomesoplenty:small_rose_quartz_bud":1,"biomesoplenty:high_grass_plant":156,"minecraft:tall_grass":10,"biomesoplenty:sprout":1,"biomesoplenty:huge_clover_petal":2,"minecraft:blue_bed":1,"minecraft:spruce_stairs":14,"minecraft:birch_planks":4,"dungeonsweaponry:wraith_fire":4,"minecraft:spruce_log":1,"minecraft:coal_ore":53,"minecraft:cobweb":1,"minecraft:polished_blackstone":1,"minecraft:stripped_acacia_wood":19,"minecraft:gold_ore":2,"minecraft:fern":8},"minecraft:picked_up":{"minecraft:anvil":5,"minecraft:brown_bed":1,"alexscaves:cave_tablet":1,"minecraft:enchanted_book":2,"minecraft:gilded_blackstone":2,"minecraft:string":16,"alexsmobs:dropbear_claw":2,"alexsmobs:banana":2,"minecraft:gold_nugget":17,"minecraft:cobbled_deepslate":5,"minecraft:spruce_planks":19,"alexsmobs:raccoon_tail":1,"minecraft:coal_block":9,"minecraft:furnace":1,"minecraft:polished_blackstone_brick_slab":6,"minecraft:stick":33,"minecraft:porkchop":19,"minecraft:golden_axe":1,"tombstone:grave_dust":2,"alexsmobs:centipede_leg":2,"minecraft:rotten_flesh":15,"biomesoplenty:mahogany_sapling":4,"minecraft:blaze_rod":3,"minecraft:obsidian":11,"minecraft:iron_bars":1,"minecraft:cobblestone":60,"minecraft:birch_log":67,"minecraft:enchanting_table":1,"minecraft:cooked_beef":23,"minecraft:birch_slab":5,"minecraft:black_bed":1,"minecraft:smoker":1,"alexsmobs:bison_fur":2,"minecraft:tuff":4,"minecraft:lapis_lazuli":34,"minecraft:dirt":32,"minecraft:bone":4,"minecraft:stonecutter":1,"minecraft:bow":1,"minecraft:wheat_seeds":17,"minecraft:raw_gold":2,"minecraft:oak_planks":6,"minecraft:pitcher_pod":1,"minecraft:chiseled_polished_blackstone":1,"minecraft:stripped_acacia_wood":2,"minecraft:sand":51,"minecraft:jungle_leaves":70,"minecraft:diamond":8,"minecraft:cracked_polished_blackstone_bricks":5,"minecraft:emerald":2,"minecraft:oak_sapling":52,"minecraft:netherrack":66,"minecraft:crafting_table":12,"minecraft:nether_wart":3,"minecraft:gold_block":12,"minecraft:oak_trapdoor":5,"minecraft:red_bed":1,"minecraft:blackstone":16,"biomesoplenty:black_sand":1,"alexsmobs:elastic_tendon":4,"minecraft:oak_boat":2,"minecraft:cyan_wool":2,"minecraft:jungle_sapling":1,"minecraft:iron_nugget":64,"minecraft:spruce_slab":1,"minecraft:sugar_cane":18,"minecraft:birch_sapling":21,"minecraft:phantom_membrane":1,"minecraft:raw_iron":4,"minecraft:polished_blackstone_bricks":11,"alexsmobs:leafcutter_ant_pupa":1,"minecraft:dark_oak_planks":1,"minecraft:tnt":3,"minecraft:arrow":8,"alexscaves:spelunkery_table":2,"minecraft:polished_blackstone":1,"minecraft:white_wool":5,"minecraft:stripped_oak_log":3,"minecraft:leather":6,"minecraft:birch_planks":4,"minecraft:oak_log":135,"minecraft:cobbled_deepslate_stairs":2,"tombstone:gift":1,"alexsmobs:unsettling_kimono":1,"minecraft:apple":4,"minecraft:stripped_oak_wood":22,"minecraft:soul_sand":6,"minecraft:book":6,"minecraft:quartz":17,"travelersbackpack:blue_sleeping_bag":2,"minecraft:blast_furnace":2,"minecraft:spruce_log":1,"minecraft:crying_obsidian":1,"travelersbackpack:standard":2,"minecraft:polished_blackstone_brick_wall":1,"minecraft:coal":67},"minecraft:broken":{"minecraft:shield":1,"minecraft:iron_axe":1},"minecraft:killed":{"minecraft:witch":1,"minecraft:spider":3,"alexsmobs:murmur":1,"minecraft:skeleton":6,"alexsmobs:orca":1,"alexsmobs:leafcutter_ant":3,"alexsmobs:centipede_head":1,"minecraft:piglin_brute":4,"minecraft:piglin":1,"alexsmobs:anteater":1,"minecraft:zombie_villager":1,"alexsmobs:seal":1,"minecraft:zombie":15,"minecraft:blaze":7,"alexsmobs:dropbear":1,"alexsmobs:raccoon":4,"minecraft:phantom":2,"alexsmobs:bison":2,"minecraft:husk":6,"minecraft:hoglin":1,"minecraft:wither_skeleton":4},"minecraft:crafted":{"minecraft:oak_planks":276,"minecraft:glass":4,"minecraft:diamond_leggings":1,"minecraft:chest":2,"minecraft:smoker":1,"minecraft:cooked_porkchop":13,"minecraft:crafting_table":4,"minecraft:iron_helmet":1,"minecraft:gold_block":2,"minecraft:iron_chestplate":1,"minecraft:diamond_pickaxe":1,"minecraft:shield":2,"minecraft:stick":12,"minecraft:iron_ingot":101,"minecraft:iron_block":3,"minecraft:shears":1,"minecraft:oak_door":3,"minecraft:iron_nugget":9,"minecraft:furnace":1,"minecraft:oak_trapdoor":16,"minecraft:iron_axe":2,"minecraft:coal_block":2,"minecraft:enchanting_table":1,"travelersbackpack:backpack_tank":1,"minecraft:bucket":1,"minecraft:air":0,"minecraft:oak_boat":1,"minecraft:anvil":1,"minecraft:diamond_chestplate":1},"minecraft:custom":{"minecraft:interact_with_crafting_table":38,"minecraft:open_barrel":25,"minecraft:leave_game":9,"minecraft:time_since_death":12636,"minecraft:damage_resisted":94,"minecraft:sprint_one_cm":461837,"minecraft:damage_blocked_by_shield":2980,"minecraft:drop":91,"minecraft:play_time":259263,"minecraft:deaths":14,"minecraft:jump":3930,"minecraft:walk_on_water_one_cm":28955,"minecraft:interact_with_furnace":5,"minecraft:interact_with_loom":19,"minecraft:sleep_in_bed":4,"minecraft:damage_dealt":16833,"minecraft:crouch_one_cm":55856,"tombstone:undead_killed":35,"minecraft:interact_with_smoker":2,"minecraft:mob_kills":78,"minecraft:interact_with_anvil":3,"minecraft:climb_one_cm":10770,"minecraft:walk_one_cm":446992,"minecraft:sneak_time":23073,"minecraft:walk_under_water_one_cm":50068,"minecraft:boat_one_cm":95580,"minecraft:interact_with_blast_furnace":9,"minecraft:total_world_time":259263,"tombstone:raider_killed":3,"minecraft:time_since_rest":10921,"minecraft:damage_taken":7848,"minecraft:damage_absorbed":378,"minecraft:swim_one_cm":156741,"minecraft:fly_one_cm":905725,"minecraft:open_chest":80,"minecraft:fall_one_cm":120736},"minecraft:used":{"minecraft:iron_shovel":92,"minecraft:spruce_slab":1,"minecraft:polished_blackstone":1,"minecraft:chest":2,"minecraft:shield":76,"minecraft:iron_sword":372,"minecraft:iron_chestplate":1,"minecraft:soul_sand":6,"minecraft:tuff":4,"minecraft:cyan_wool":2,"minecraft:obsidian":5,"minecraft:jungle_sapling":1,"minecraft:iron_helmet":1,"minecraft:gold_block":1,"minecraft:diamond_boots":1,"minecraft:oak_planks":137,"minecraft:blackstone":9,"minecraft:white_wool":2,"minecraft:golden_apple":11,"travelersbackpack:blue_sleeping_bag":1,"alexscaves:cave_book":1,"minecraft:blast_furnace":1,"minecraft:crossbow":16,"minecraft:shears":100,"minecraft:birch_slab":4,"minecraft:bread":17,"minecraft:diamond_sword":46,"minecraft:oak_boat":1,"minecraft:golden_pickaxe":1,"minecraft:oak_trapdoor":16,"minecraft:jungle_leaves":2,"minecraft:polished_blackstone_brick_slab":3,"minecraft:enchanting_table":1,"minecraft:flint_and_steel":1,"minecraft:spruce_planks":3,"minecraft:netherrack":66,"minecraft:oak_door":3,"minecraft:dirt":5,"minecraft:anvil":5,"minecraft:dark_oak_planks":1,"minecraft:iron_axe":388,"alexscaves:spelunkery_table":1,"minecraft:golden_carrot":11,"alexsmobs:banana":2,"tombstone:gift":5,"minecraft:cooked_beef":15,"minecraft:cobbled_deepslate":2,"minecraft:enchanted_golden_apple":2,"minecraft:iron_leggings":1,"biomesoplenty:black_sand":1,"minecraft:water_bucket":110,"minecraft:polished_blackstone_bricks":4,"minecraft:gilded_blackstone":1,"minecraft:tnt":1,"minecraft:crafting_table":15,"minecraft:red_bed":1,"minecraft:smoker":1,"minecraft:oak_log":4,"tombstone:bag_of_seeds":1,"minecraft:diamond_pickaxe":207,"minecraft:cracked_polished_blackstone_bricks":3,"minecraft:iron_pickaxe":131,"tombstone:magic_scroll":1,"minecraft:leather_helmet":1,"minecraft:cobblestone":30,"minecraft:bucket":117,"minecraft:splash_potion":3}},"DataVersion":3465}