{"stats":{"minecraft:killed":{"minecraft:husk":3,"minecraft:spider":1,"alexsmobs:murmur":1,"minecraft:skeleton":3,"minecraft:zombie":14,"alexsmobs:centipede_head":1},"minecraft:custom":{"minecraft:mob_kills":29,"minecraft:interact_with_crafting_table":9,"minecraft:open_barrel":11,"minecraft:interact_with_loom":3,"minecraft:leave_game":5,"minecraft:time_since_death":1264,"minecraft:climb_one_cm":4743,"minecraft:time_since_rest":1,"minecraft:sprint_one_cm":84290,"minecraft:damage_absorbed":120,"minecraft:damage_taken":2370,"minecraft:walk_one_cm":104337,"minecraft:damage_blocked_by_shield":1450,"minecraft:drop":21,"minecraft:damage_dealt":5324,"minecraft:swim_one_cm":6841,"minecraft:fly_one_cm":187167,"minecraft:open_chest":4,"minecraft:play_time":71118,"minecraft:crouch_one_cm":13084,"minecraft:sneak_time":4437,"tombstone:undead_killed":21,"minecraft:deaths":5,"minecraft:walk_under_water_one_cm":3492,"minecraft:jump":846,"minecraft:interact_with_blast_furnace":9,"minecraft:walk_on_water_one_cm":5004,"minecraft:total_world_time":71118,"minecraft:fall_one_cm":31666},"minecraft:mined":{"alexscaves:spelunkery_table":2,"minecraft:deepslate_diamond_ore":3,"minecraft:cobbled_deepslate_stairs":2,"minecraft:jungle_leaves":4,"minecraft:crafting_table":4,"minecraft:blast_furnace":2,"biomesoplenty:high_grass_plant":9,"minecraft:coal_block":1,"minecraft:cobblestone":1,"minecraft:oak_planks":2,"minecraft:spawner":1,"minecraft:iron_ore":4,"minecraft:deepslate_lapis_ore":6,"minecraft:bookshelf":2,"minecraft:oak_log":16,"minecraft:coal_ore":33,"biomesoplenty:high_grass":18,"biomesoplenty:mahogany_leaves":11,"minecraft:dirt":1,"minecraft:stonecutter":1,"minecraft:stone":23,"minecraft:gold_ore":2,"minecraft:fern":4},"minecraft:picked_up":{"minecraft:crafting_table":4,"minecraft:cooked_beef":7,"alexsmobs:bison_fur":1,"minecraft:enchanted_book":1,"minecraft:oak_log":18,"minecraft:cobbled_deepslate_stairs":2,"minecraft:dirt":1,"minecraft:lapis_lazuli":34,"minecraft:string":15,"minecraft:oak_trapdoor":5,"tombstone:gift":1,"alexsmobs:unsettling_kimono":1,"minecraft:bone":3,"minecraft:stonecutter":1,"minecraft:bow":1,"alexsmobs:banana":2,"minecraft:gold_nugget":17,"minecraft:cobbled_deepslate":3,"minecraft:raw_gold":2,"alexsmobs:elastic_tendon":2,"minecraft:jungle_sapling":1,"minecraft:iron_nugget":64,"minecraft:coal_block":1,"minecraft:oak_planks":2,"minecraft:book":6,"minecraft:stick":2,"minecraft:raw_iron":4,"minecraft:blast_furnace":2,"alexsmobs:centipede_leg":2,"minecraft:dark_oak_planks":1,"minecraft:arrow":4,"minecraft:rotten_flesh":15,"minecraft:diamond":3,"biomesoplenty:mahogany_sapling":4,"alexscaves:spelunkery_table":2,"minecraft:coal":38,"minecraft:cobblestone":23},"minecraft:used":{"minecraft:water_bucket":7,"minecraft:oak_planks":12,"minecraft:shield":36,"minecraft:iron_sword":143,"minecraft:iron_chestplate":1,"minecraft:golden_apple":3,"minecraft:dirt":1,"minecraft:crafting_table":4,"alexscaves:cave_book":1,"minecraft:blast_furnace":1,"minecraft:oak_log":4,"minecraft:jungle_sapling":1,"minecraft:dark_oak_planks":1,"minecraft:iron_axe":25,"minecraft:bread":1,"minecraft:iron_pickaxe":79,"minecraft:leather_helmet":1,"minecraft:iron_helmet":1,"alexscaves:spelunkery_table":1,"minecraft:cobblestone":23,"alexsmobs:banana":2,"minecraft:bucket":8,"tombstone:gift":3,"minecraft:cooked_beef":7,"minecraft:iron_leggings":1},"minecraft:dropped":{"minecraft:enchanted_book":1,"minecraft:iron_nugget":66,"minecraft:oak_log":2,"minecraft:cobbled_deepslate":3,"minecraft:rotten_flesh":3,"alexsmobs:bison_fur":1,"minecraft:leather_helmet":1,"minecraft:chainmail_chestplate":1,"minecraft:gold_nugget":34,"minecraft:arrow":2,"minecraft:bow":1,"biomesoplenty:mahogany_sapling":4,"minecraft:raw_gold":2,"minecraft:string":26,"minecraft:bone":3},"minecraft:crafted":{"minecraft:oak_planks":48,"minecraft:crafting_table":1,"minecraft:iron_helmet":1,"minecraft:bucket":1,"minecraft:air":0,"minecraft:iron_chestplate":1,"minecraft:shield":1,"minecraft:iron_axe":1,"minecraft:iron_ingot":78},"minecraft:killed_by":{"minecraft:husk":1,"alexsmobs:centipede_head":1,"alexsmobs:gorilla":1,"alexsmobs:bison":1}},"DataVersion":3465}