{"stats":{"minecraft:killed_by":{"minecraft:husk":2,"minecraft:wither_skeleton":2,"alexsmobs:bison":1,"alexsmobs:centipede_head":2,"alexsmobs:gorilla":2},"minecraft:dropped":{"minecraft:enchanted_book":1,"minecraft:birch_planks":4,"minecraft:wheat_seeds":4,"minecraft:cooked_beef":8,"minecraft:oak_log":2,"minecraft:diamond":20,"minecraft:pitcher_pod":1,"minecraft:iron_helmet":1,"minecraft:cobblestone":6,"travelersbackpack:blue_sleeping_bag":1,"minecraft:coal":28,"alexsmobs:bison_fur":2,"minecraft:birch_slab":1,"minecraft:leather_helmet":1,"minecraft:stick":31,"minecraft:dirt":24,"tombstone:grave_key":1,"minecraft:gold_nugget":34,"minecraft:phantom_membrane":1,"minecraft:string":26,"minecraft:birch_log":3,"minecraft:white_wool":2,"minecraft:bone":3,"minecraft:sugar_cane":5,"minecraft:iron_nugget":75,"minecraft:cobbled_deepslate":3,"minecraft:birch_sapling":21,"minecraft:rotten_flesh":3,"minecraft:stripped_acacia_wood":2,"minecraft:acacia_stairs":1,"minecraft:chainmail_chestplate":1,"alexsmobs:leafcutter_ant_pupa":1,"minecraft:filled_map":1,"alexsmobs:elastic_tendon":4,"minecraft:spruce_planks":7,"minecraft:oak_boat":1,"minecraft:oak_sapling":52,"minecraft:arrow":2,"minecraft:bow":1,"minecraft:glass":2,"biomesoplenty:mahogany_sapling":4,"minecraft:raw_gold":2},"minecraft:mined":{"alexscaves:spelunkery_table":2,"minecraft:tuff":5,"minecraft:spruce_planks":70,"minecraft:cobbled_deepslate_stairs":2,"minecraft:deepslate_diamond_ore":8,"minecraft:jungle_leaves":4,"travelersbackpack:blue_sleeping_bag":2,"minecraft:grass_block":7,"minecraft:coal_block":9,"minecraft:birch_slab":2,"minecraft:spawner":5,"minecraft:oak_trapdoor":2,"minecraft:furnace":1,"minecraft:iron_ore":4,"minecraft:acacia_stairs":2,"minecraft:anvil":4,"minecraft:deepslate_lapis_ore":6,"minecraft:brown_bed":1,"minecraft:enchanting_table":1,"minecraft:bookshelf":2,"biomesoplenty:high_grass":50,"minecraft:shroomlight":1,"biomesoplenty:mahogany_leaves":11,"minecraft:stripped_oak_log":3,"minecraft:stone":57,"minecraft:white_wool":12,"minecraft:spruce_slab":2,"minecraft:red_bed":1,"minecraft:smoker":1,"travelersbackpack:standard":1,"minecraft:crafting_table":10,"minecraft:blast_furnace":2,"biomesoplenty:high_grass_plant":156,"minecraft:tall_grass":10,"minecraft:cobblestone":4,"minecraft:oak_planks":6,"minecraft:sugar_cane":2,"minecraft:blue_bed":1,"minecraft:spruce_stairs":14,"minecraft:cyan_wool":2,"minecraft:birch_planks":4,"dungeonsweaponry:wraith_fire":4,"minecraft:birch_log":67,"minecraft:stripped_oak_wood":23,"minecraft:tnt":4,"minecraft:black_bed":1,"minecraft:grass":149,"minecraft:oak_log":132,"minecraft:coal_ore":53,"minecraft:sand":10,"minecraft:dirt":19,"minecraft:cobweb":1,"minecraft:stripped_acacia_wood":19,"minecraft:stonecutter":1,"minecraft:gold_ore":2,"minecraft:oak_leaves":114,"minecraft:deepslate":2,"minecraft:fern":6},"minecraft:picked_up":{"minecraft:crafting_table":9,"minecraft:anvil":4,"minecraft:brown_bed":1,"minecraft:enchanted_book":1,"minecraft:string":16,"minecraft:oak_trapdoor":5,"minecraft:red_bed":1,"minecraft:cobbled_deepslate":5,"minecraft:gold_nugget":17,"alexsmobs:banana":2,"minecraft:spruce_planks":18,"minecraft:oak_boat":2,"alexsmobs:elastic_tendon":4,"minecraft:cyan_wool":2,"minecraft:jungle_sapling":1,"minecraft:iron_nugget":64,"minecraft:coal_block":9,"minecraft:spruce_slab":1,"alexsmobs:raccoon_tail":1,"minecraft:sugar_cane":5,"minecraft:birch_sapling":21,"minecraft:phantom_membrane":1,"minecraft:furnace":1,"minecraft:stick":33,"minecraft:raw_iron":4,"minecraft:porkchop":19,"tombstone:grave_dust":2,"alexsmobs:leafcutter_ant_pupa":1,"alexsmobs:centipede_leg":2,"minecraft:dark_oak_planks":1,"minecraft:tnt":3,"minecraft:arrow":5,"minecraft:rotten_flesh":15,"biomesoplenty:mahogany_sapling":4,"alexscaves:spelunkery_table":2,"minecraft:white_wool":5,"minecraft:cobblestone":60,"minecraft:stripped_oak_log":3,"minecraft:birch_log":67,"minecraft:enchanting_table":1,"minecraft:cooked_beef":23,"minecraft:birch_slab":5,"minecraft:black_bed":1,"minecraft:leather":6,"minecraft:smoker":1,"minecraft:birch_planks":4,"alexsmobs:bison_fur":2,"minecraft:tuff":4,"minecraft:oak_log":135,"minecraft:cobbled_deepslate_stairs":2,"minecraft:lapis_lazuli":34,"minecraft:dirt":27,"tombstone:gift":1,"alexsmobs:unsettling_kimono":1,"minecraft:bone":3,"minecraft:apple":4,"minecraft:bow":1,"minecraft:stonecutter":1,"minecraft:wheat_seeds":16,"minecraft:raw_gold":2,"minecraft:stripped_oak_wood":22,"minecraft:pitcher_pod":1,"minecraft:oak_planks":6,"minecraft:book":6,"minecraft:stripped_acacia_wood":2,"minecraft:sand":10,"travelersbackpack:blue_sleeping_bag":2,"minecraft:blast_furnace":2,"travelersbackpack:standard":1,"minecraft:diamond":8,"minecraft:emerald":2,"minecraft:oak_sapling":52,"minecraft:coal":66},"minecraft:broken":{"minecraft:shield":1,"minecraft:iron_axe":1},"minecraft:killed":{"minecraft:witch":1,"alexsmobs:raccoon":4,"minecraft:spider":3,"alexsmobs:murmur":1,"minecraft:phantom":2,"minecraft:skeleton":4,"alexsmobs:orca":1,"alexsmobs:leafcutter_ant":3,"alexsmobs:centipede_head":1,"alexsmobs:bison":2,"minecraft:husk":3,"alexsmobs:anteater":1,"minecraft:zombie_villager":1,"alexsmobs:seal":1,"minecraft:hoglin":1,"minecraft:zombie":15,"minecraft:wither_skeleton":1},"minecraft:crafted":{"minecraft:oak_door":3,"minecraft:oak_planks":168,"minecraft:iron_nugget":9,"minecraft:furnace":1,"minecraft:oak_trapdoor":16,"minecraft:glass":4,"minecraft:diamond_leggings":1,"minecraft:iron_axe":2,"minecraft:chest":2,"minecraft:smoker":1,"minecraft:cooked_porkchop":13,"minecraft:crafting_table":3,"minecraft:enchanting_table":1,"travelersbackpack:backpack_tank":1,"minecraft:iron_helmet":1,"minecraft:bucket":1,"minecraft:air":0,"minecraft:oak_boat":1,"minecraft:iron_chestplate":1,"minecraft:diamond_pickaxe":1,"minecraft:shield":2,"minecraft:stick":12,"minecraft:iron_ingot":91,"minecraft:iron_block":3,"minecraft:anvil":1,"minecraft:shears":1,"minecraft:diamond_chestplate":1},"minecraft:custom":{"minecraft:interact_with_anvil":2,"minecraft:mob_kills":57,"minecraft:interact_with_crafting_table":35,"minecraft:open_barrel":18,"minecraft:leave_game":8,"minecraft:time_since_death":65906,"minecraft:damage_resisted":94,"minecraft:climb_one_cm":8567,"minecraft:sprint_one_cm":373307,"minecraft:walk_one_cm":331481,"minecraft:damage_blocked_by_shield":2270,"minecraft:drop":66,"minecraft:play_time":199481,"minecraft:sneak_time":15179,"minecraft:deaths":12,"minecraft:walk_under_water_one_cm":44755,"minecraft:boat_one_cm":95580,"minecraft:jump":2732,"minecraft:interact_with_blast_furnace":9,"minecraft:walk_on_water_one_cm":22355,"minecraft:total_world_time":199481,"minecraft:interact_with_furnace":5,"tombstone:raider_killed":3,"minecraft:interact_with_loom":19,"minecraft:sleep_in_bed":4,"minecraft:time_since_rest":11235,"minecraft:damage_taken":6029,"minecraft:damage_absorbed":217,"minecraft:damage_dealt":12275,"minecraft:swim_one_cm":114366,"minecraft:fly_one_cm":670882,"minecraft:open_chest":49,"minecraft:crouch_one_cm":38712,"tombstone:undead_killed":27,"minecraft:interact_with_smoker":2,"minecraft:fall_one_cm":98757},"minecraft:used":{"minecraft:oak_trapdoor":16,"minecraft:enchanting_table":1,"minecraft:iron_shovel":33,"minecraft:spruce_slab":1,"minecraft:chest":2,"minecraft:spruce_planks":3,"minecraft:shield":54,"minecraft:iron_sword":328,"minecraft:iron_chestplate":1,"minecraft:oak_door":3,"minecraft:dirt":1,"minecraft:anvil":4,"minecraft:cyan_wool":2,"minecraft:tuff":4,"minecraft:jungle_sapling":1,"minecraft:dark_oak_planks":1,"minecraft:iron_axe":378,"minecraft:iron_helmet":1,"alexscaves:spelunkery_table":1,"minecraft:golden_carrot":7,"alexsmobs:banana":2,"tombstone:gift":3,"minecraft:cooked_beef":15,"minecraft:cobbled_deepslate":2,"minecraft:enchanted_golden_apple":1,"minecraft:iron_leggings":1,"minecraft:water_bucket":102,"minecraft:diamond_boots":1,"minecraft:oak_planks":52,"minecraft:white_wool":2,"minecraft:golden_apple":5,"travelersbackpack:blue_sleeping_bag":1,"alexscaves:cave_book":1,"minecraft:tnt":1,"minecraft:crafting_table":11,"minecraft:red_bed":1,"minecraft:blast_furnace":1,"minecraft:smoker":1,"tombstone:bag_of_seeds":1,"minecraft:oak_log":4,"minecraft:diamond_pickaxe":41,"minecraft:birch_slab":4,"minecraft:bread":6,"minecraft:iron_pickaxe":131,"minecraft:leather_helmet":1,"minecraft:cobblestone":30,"minecraft:bucket":109,"minecraft:oak_boat":1,"minecraft:splash_potion":3}},"DataVersion":3465}