{"stats":{"minecraft:killed":{"minecraft:zombie":4,"alexsmobs:crow":1},"minecraft:custom":{"minecraft:time_since_rest":64125,"minecraft:interact_with_furnace":14,"minecraft:sprint_one_cm":84138,"minecraft:damage_taken":570,"minecraft:walk_one_cm":103039,"minecraft:mob_kills":5,"minecraft:drop":9,"minecraft:damage_dealt":886,"minecraft:swim_one_cm":5787,"minecraft:interact_with_crafting_table":475,"minecraft:fly_one_cm":109758,"minecraft:open_barrel":19,"minecraft:open_chest":1,"minecraft:crouch_one_cm":44,"minecraft:play_time":64125,"tombstone:undead_killed":4,"minecraft:sneak_time":46,"minecraft:walk_under_water_one_cm":4551,"minecraft:boat_one_cm":141737,"minecraft:jump":672,"minecraft:leave_game":3,"minecraft:time_since_death":64125,"minecraft:walk_on_water_one_cm":6840,"minecraft:climb_one_cm":160,"minecraft:total_world_time":64125,"minecraft:fall_one_cm":15951},"minecraft:mined":{"biomesoplenty:orange_cosmos":1,"biomesoplenty:mahogany_log":13,"biomesoplenty:pink_daffodil":1,"biomesoplenty:black_sand":5,"minecraft:melon":1,"biomesoplenty:black_sandstone":2,"minecraft:granite":7,"minecraft:crafting_table":13,"minecraft:grass":8,"minecraft:grass_block":5,"biomesoplenty:high_grass":18,"biomesoplenty:mahogany_planks":9,"minecraft:dirt":12,"biomesoplenty:high_grass_plant":25,"biomesoplenty:sprout":1,"minecraft:stone":95,"minecraft:diorite":2,"minecraft:fern":5},"minecraft:picked_up":{"minecraft:wooden_axe":1,"biomesoplenty:black_sandstone":2,"minecraft:crafting_table":13,"minecraft:feather":1,"minecraft:wooden_pickaxe":1,"alexsmobs:bison_fur":1,"minecraft:sand":4,"minecraft:diorite":2,"minecraft:dirt":17,"tombstone:gift":1,"biomesoplenty:mahogany_log":13,"minecraft:rotten_flesh":4,"biomesoplenty:black_sand":5,"minecraft:wheat_seeds":1,"minecraft:granite":7,"minecraft:melon_slice":13,"biomesoplenty:orange_cosmos":1,"biomesoplenty:mahogany_planks":16,"minecraft:cobblestone":95},"minecraft:used":{"minecraft:wooden_axe":45,"biomesoplenty:mahogany_planks":2,"minecraft:melon_slice":4,"minecraft:stone_shovel":15,"minecraft:stone_pickaxe":88,"minecraft:chest":1,"minecraft:wooden_pickaxe":23,"biomesoplenty:mahogany_boat":3,"minecraft:stone_axe":13,"minecraft:sand":4,"minecraft:dirt":17,"minecraft:cobblestone":87,"minecraft:crafting_table":18,"tombstone:gift":2,"alexsmobs:animal_dictionary":2,"minecraft:cooked_beef":5,"biomesoplenty:black_sand":5},"minecraft:broken":{"minecraft:wooden_axe":1},"minecraft:dropped":{"minecraft:cooked_beef":1,"biomesoplenty:mahogany_planks":8},"minecraft:crafted":{"minecraft:cooked_beef":8,"minecraft:stone_shovel":1,"minecraft:crafting_table":5,"minecraft:stick":8,"biomesoplenty:mahogany_planks":52,"minecraft:stone_pickaxe":1,"biomesoplenty:mahogany_boat":3,"minecraft:chest":1,"minecraft:stone_axe":1}},"DataVersion":3465}