{"stats":{"minecraft:broken":{"minecraft:stone_hoe":1,"minecraft:stone_pickaxe":1,"minecraft:stone_axe":3,"minecraft:wooden_axe":1,"minecraft:stone_shovel":3},"minecraft:picked_up":{"minecraft:wooden_axe":1,"minecraft:crafting_table":18,"minecraft:wheat":49,"minecraft:ladder":6,"minecraft:lead":2,"minecraft:wooden_pickaxe":2,"minecraft:enchanted_book":1,"minecraft:cornflower":1,"minecraft:oak_trapdoor":1,"minecraft:moss_carpet":6,"biomesoplenty:black_sand":5,"minecraft:oak_boat":2,"minecraft:poppy":6,"minecraft:melon_slice":21,"minecraft:sugar_cane":22,"minecraft:chest":1,"minecraft:furnace":4,"minecraft:dark_oak_sapling":2,"minecraft:raw_iron":22,"minecraft:stick":8,"minecraft:oak_fence":1,"minecraft:torch":14,"minecraft:acacia_log":14,"minecraft:porkchop":7,"tombstone:grave_dust":4,"minecraft:diorite":2,"minecraft:carrot":48,"minecraft:cauldron":4,"minecraft:arrow":5,"minecraft:rotten_flesh":18,"minecraft:stone_shovel":1,"minecraft:tropical_fish":20,"minecraft:beetroot_seeds":2,"minecraft:hay_block":27,"tombstone:essence_of_undeath":1,"minecraft:mutton":28,"biomesoplenty:orange_cosmos":1,"minecraft:white_wool":17,"minecraft:cobblestone":231,"biomesoplenty:black_sandstone":2,"minecraft:feather":1,"minecraft:andesite":6,"minecraft:leather":3,"minecraft:brown_wool":2,"alexsmobs:bison_fur":1,"minecraft:flint":12,"minecraft:oak_log":95,"biomesoplenty:mahogany_boat":1,"minecraft:acacia_boat":3,"minecraft:dirt":389,"tombstone:gift":1,"minecraft:bone":3,"minecraft:apple":1,"minecraft:acacia_trapdoor":1,"minecraft:wheat_seeds":206,"minecraft:iron_ingot":15,"minecraft:fletching_table":6,"minecraft:stone_hoe":1,"minecraft:oak_planks":17,"minecraft:acacia_sapling":6,"biomesoplenty:mahogany_planks":16,"biomesoplenty:toadstool":1,"minecraft:pumpkin":14,"minecraft:dandelion":2,"minecraft:gravel":58,"minecraft:sand":4,"minecraft:spruce_sapling":8,"minecraft:white_bed":5,"minecraft:spruce_log":48,"minecraft:dark_oak_log":37,"minecraft:spider_eye":1,"biomesoplenty:mahogany_log":13,"minecraft:stone_axe":1,"minecraft:granite":9,"minecraft:spruce_button":48,"minecraft:bread":22,"minecraft:oak_sapling":4,"minecraft:coal":233},"minecraft:dropped":{"minecraft:enchanted_book":2,"minecraft:stone_hoe":1,"minecraft:bread":96,"minecraft:wheat_seeds":2,"minecraft:cooked_beef":1,"minecraft:dark_oak_sapling":2,"biomesoplenty:mahogany_planks":8,"minecraft:granite":1,"minecraft:spruce_button":96,"minecraft:dirt":78,"minecraft:torch":20,"minecraft:cornflower":1,"minecraft:melon_slice":4,"minecraft:brown_wool":1,"minecraft:pumpkin":7,"minecraft:iron_pickaxe":1,"minecraft:dandelion":1,"minecraft:gravel":2,"minecraft:bone":1,"biomesoplenty:toadstool":1,"minecraft:stone_axe":1,"minecraft:sugar_cane":3,"minecraft:raw_iron":2,"minecraft:stone_shovel":2,"minecraft:rotten_flesh":4,"minecraft:carrot":4,"minecraft:poppy":1,"minecraft:shield":1,"minecraft:oak_button":21,"minecraft:andesite":3,"minecraft:oak_sapling":1,"minecraft:acacia_sapling":3,"minecraft:arrow":1,"minecraft:stone_pickaxe":1,"minecraft:wooden_pickaxe":1},"minecraft:mined":{"minecraft:white_bed":5,"minecraft:dark_oak_leaves":2,"minecraft:dark_oak_log":37,"minecraft:ladder":8,"minecraft:granite":8,"minecraft:acacia_log":14,"biomesoplenty:bush":9,"minecraft:grass_block":94,"minecraft:spruce_leaves":6,"minecraft:chiseled_stone_bricks":1,"minecraft:hay_block":28,"minecraft:oak_trapdoor":1,"minecraft:furnace":4,"minecraft:carrots":14,"minecraft:acacia_trapdoor":1,"biomesoplenty:orange_cosmos":1,"minecraft:iron_ore":22,"minecraft:andesite":3,"minecraft:pumpkin":8,"minecraft:moss_carpet":3,"minecraft:fletching_table":6,"minecraft:dirt_path":43,"minecraft:water_cauldron":4,"biomesoplenty:high_grass":18,"minecraft:stone":220,"minecraft:podzol":2,"minecraft:acacia_leaves":1,"minecraft:cyan_terracotta":1,"biomesoplenty:black_sand":5,"minecraft:dandelion":1,"minecraft:oak_fence":3,"minecraft:crafting_table":18,"minecraft:torch":13,"biomesoplenty:black_sandstone":2,"minecraft:poppy":3,"minecraft:melon":1,"biomesoplenty:mahogany_planks":9,"minecraft:chest":1,"minecraft:rose_bush":1,"minecraft:stone_slab":4,"biomesoplenty:high_grass_plant":25,"minecraft:tall_grass":17,"minecraft:cobblestone":6,"biomesoplenty:sprout":1,"minecraft:sugar_cane":13,"minecraft:oak_planks":10,"minecraft:diorite":5,"minecraft:wall_torch":4,"biomesoplenty:mahogany_log":13,"minecraft:wheat":62,"biomesoplenty:pink_daffodil":1,"minecraft:spruce_log":48,"minecraft:infested_mossy_stone_bricks":2,"minecraft:grass":281,"minecraft:oak_log":100,"minecraft:coal_ore":185,"minecraft:beetroots":1,"minecraft:gravel":80,"minecraft:dirt":230,"minecraft:cracked_stone_bricks":1,"minecraft:stone_bricks":1,"minecraft:oak_leaves":36,"minecraft:fern":6},"minecraft:crafted":{"minecraft:oak_planks":380,"minecraft:stone_shovel":4,"biomesoplenty:mahogany_planks":52,"minecraft:spruce_button":48,"minecraft:furnace":2,"minecraft:bone_meal":9,"minecraft:cooked_mutton":24,"minecraft:oak_trapdoor":2,"minecraft:ladder":12,"minecraft:stone_pickaxe":2,"minecraft:chest":19,"minecraft:oak_button":21,"minecraft:dark_oak_planks":92,"minecraft:stone_hoe":2,"minecraft:wheat":243,"minecraft:cooked_beef":8,"minecraft:emerald":15,"minecraft:cooked_porkchop":2,"minecraft:crafting_table":10,"minecraft:spruce_planks":140,"minecraft:iron_helmet":1,"minecraft:acacia_trapdoor":2,"minecraft:smithing_table":1,"minecraft:fletching_table":6,"minecraft:bucket":1,"minecraft:stone_axe":5,"minecraft:air":0,"minecraft:bread":96,"minecraft:acacia_boat":2,"minecraft:oak_boat":1,"minecraft:iron_chestplate":1,"minecraft:shield":2,"minecraft:stick":604,"minecraft:iron_ingot":19,"minecraft:iron_pickaxe":2,"minecraft:oak_stairs":32,"biomesoplenty:mahogany_boat":3,"minecraft:iron_leggings":1,"minecraft:white_bed":2,"minecraft:acacia_planks":56,"minecraft:torch":140},"minecraft:used":{"minecraft:oak_trapdoor":3,"biomesoplenty:mahogany_planks":2,"minecraft:stone_shovel":444,"minecraft:ladder":14,"minecraft:chest":16,"minecraft:shield":67,"minecraft:stone_hoe":149,"minecraft:rotten_flesh":1,"minecraft:iron_chestplate":1,"minecraft:torch":134,"minecraft:dirt":196,"minecraft:carrot":8,"minecraft:granite":7,"minecraft:wooden_axe":45,"minecraft:oak_stairs":8,"minecraft:hay_block":1,"minecraft:furnace":6,"tombstone:gift":3,"minecraft:cooked_beef":5,"minecraft:iron_leggings":1,"biomesoplenty:black_sand":5,"minecraft:wheat_seeds":219,"minecraft:cooked_mutton":15,"minecraft:water_bucket":23,"minecraft:acacia_boat":3,"minecraft:diorite":2,"minecraft:acacia_trapdoor":3,"minecraft:stone_pickaxe":175,"minecraft:oak_planks":10,"minecraft:wooden_pickaxe":23,"minecraft:sugar_cane":19,"minecraft:fletching_table":8,"minecraft:leather_boots":1,"minecraft:sand":4,"minecraft:crafting_table":28,"minecraft:white_bed":8,"minecraft:spruce_log":13,"minecraft:dark_oak_log":14,"minecraft:bread":15,"minecraft:melon_slice":8,"minecraft:iron_pickaxe":342,"minecraft:spruce_sapling":8,"minecraft:gravel":20,"biomesoplenty:mahogany_boat":3,"minecraft:stone_axe":396,"minecraft:cobblestone":116,"minecraft:cooked_porkchop":2,"minecraft:smithing_table":1,"minecraft:bucket":24,"minecraft:oak_boat":3,"alexsmobs:animal_dictionary":2,"minecraft:bone_meal":9},"minecraft:killed":{"minecraft:spider":1,"minecraft:skeleton":5,"minecraft:pig":4,"minecraft:iron_golem":3,"minecraft:wandering_trader":1,"minecraft:sheep":19,"minecraft:trader_llama":2,"minecraft:pillager":5,"minecraft:zombie":13,"alexsmobs:crow":1},"minecraft:custom":{"minecraft:mob_kills":54,"minecraft:interact_with_crafting_table":537,"minecraft:open_barrel":19,"minecraft:leave_game":5,"minecraft:time_since_death":277611,"minecraft:climb_one_cm":6383,"minecraft:sprint_one_cm":594349,"minecraft:walk_one_cm":773093,"minecraft:damage_blocked_by_shield":2480,"minecraft:drop":75,"minecraft:talked_to_villager":18,"minecraft:play_time":277611,"minecraft:sneak_time":1226,"minecraft:walk_under_water_one_cm":12756,"minecraft:boat_one_cm":555844,"minecraft:jump":2898,"minecraft:walk_on_water_one_cm":21990,"minecraft:total_world_time":277611,"minecraft:interact_with_furnace":63,"tombstone:raider_killed":5,"minecraft:traded_with_villager":15,"minecraft:sleep_in_bed":12,"minecraft:time_since_rest":1147,"minecraft:damage_taken":1607,"minecraft:damage_dealt":9959,"minecraft:swim_one_cm":5787,"minecraft:fly_one_cm":547477,"minecraft:open_chest":63,"minecraft:crouch_one_cm":654,"tombstone:undead_killed":18,"tombstone:villager_killed":1,"minecraft:fall_one_cm":63353}},"DataVersion":3465}