{"stats":{"minecraft:killed_by":{"minecraft:wither_skeleton":1,"minecraft:creeper":2,"minecraft:zombie":2,"alexsmobs:grizzly_bear":2,"mythicmounts:dragon":11,"minecraft:spider":1,"alexsmobs:centipede_head":17},"minecraft:dropped":{"minecraft:moss_block":12,"minecraft:lapis_lazuli":105,"biomesoplenty:pink_daffodil":2,"minecraft:cooked_beef":4,"minecraft:glow_ink_sac":9,"minecraft:crafting_table":3,"biomesoplenty:mahogany_planks":16,"alexsmobs:flying_fish_boots":1,"minecraft:rail":59,"alexsmobs:bison_fur":4,"minecraft:dirt":3,"minecraft:stone_button":2,"minecraft:mutton":1,"minecraft:bone_meal":1,"minecraft:dark_oak_planks":14,"alexsmobs:raccoon_tail":1,"minecraft:gold_ingot":17,"minecraft:bone":15,"minecraft:stone_axe":2,"minecraft:lever":1,"minecraft:cobbled_deepslate":17,"minecraft:wheat":2,"tombstone:gift":1,"minecraft:rotten_flesh":24,"biomesoplenty:glowing_moss_block":2,"biomesoplenty:glowing_moss_carpet":6,"minecraft:leather_chestplate":1,"minecraft:leather_leggings":1,"minecraft:arrow":1,"minecraft:beef":4,"minecraft:stone_hoe":1,"minecraft:iron_ingot":3,"minecraft:oak_slab":2,"minecraft:wheat_seeds":8,"minecraft:lilac":4,"minecraft:tnt":3,"biomesoplenty:mahogany_leaves":1,"minecraft:cobblestone":325,"minecraft:oak_fence":10,"minecraft:feather":3,"minecraft:granite":65,"minecraft:tropical_fish":26,"biomesoplenty:mahogany_sign":1,"minecraft:stick":15,"minecraft:diorite":35,"minecraft:wooden_hoe":1,"tombstone:grave_key":1,"tombstone:grave_dust":12,"minecraft:string":5,"minecraft:paper":12,"minecraft:tripwire_hook":3,"minecraft:redstone":20,"minecraft:moss_carpet":10,"minecraft:kelp":2,"minecraft:oak_trapdoor":3,"minecraft:chicken":2,"minecraft:name_tag":1,"minecraft:oak_sign":3,"minecraft:shears":2,"minecraft:big_dripleaf":3,"minecraft:oak_button":1,"alexsmobs:cockroach_wing_fragment":1,"minecraft:andesite":90,"minecraft:oak_sapling":4,"minecraft:spider_eye":12,"tombstone:essence_of_undeath":1,"minecraft:stone_pickaxe":2,"minecraft:wooden_pickaxe":1},"minecraft:mined":{"minecraft:dark_oak_planks":16,"minecraft:large_amethyst_bud":2,"minecraft:white_bed":3,"minecraft:jungle_leaves":16,"minecraft:granite":185,"minecraft:cave_vines_plant":1,"minecraft:grass_block":504,"minecraft:yellow_carpet":6,"minecraft:jungle_log":9,"minecraft:hopper":3,"minecraft:iron_ore":67,"minecraft:cobbled_deepslate":20,"minecraft:fire":1,"minecraft:moss_carpet":4,"minecraft:deepslate_lapis_ore":7,"biomesoplenty:hanging_cobweb":1,"biomesoplenty:glowshroom_block":2,"minecraft:cave_vines":2,"minecraft:dirt_path":2,"biomesoplenty:webbing":5,"minecraft:tripwire":56,"minecraft:deepslate_redstone_ore":12,"biomesoplenty:glowworm_silk":1,"biomesoplenty:glowing_moss_carpet":1,"minecraft:kelp_plant":4,"minecraft:smoker":3,"minecraft:amethyst_cluster":1,"minecraft:torch":1,"minecraft:blast_furnace":2,"minecraft:melon":4,"minecraft:chest":4,"minecraft:mushroom_stem":3,"minecraft:cobblestone":29,"minecraft:oak_planks":93,"minecraft:wall_torch":13,"minecraft:jungle_wood":12,"biomesoplenty:glowworm_silk_strand":4,"minecraft:lilac":2,"biomesoplenty:large_rose_quartz_bud":4,"minecraft:tnt":3,"minecraft:grass":67,"minecraft:oak_log":84,"minecraft:oak_fence_gate":1,"minecraft:sand":106,"minecraft:dirt":484,"minecraft:smooth_basalt":3,"minecraft:stonecutter":2,"minecraft:netherrack":2,"minecraft:oak_leaves":125,"minecraft:deepslate":95,"biomesoplenty:reed":1,"biomesoplenty:glowing_moss_block":3,"alexscaves:spelunkery_table":3,"minecraft:lever":1,"minecraft:stone_button":1,"biomesoplenty:bush":21,"minecraft:allium":1,"minecraft:jungle_planks":10,"minecraft:moss_block":13,"minecraft:large_fern":2,"minecraft:hay_block":21,"minecraft:oak_trapdoor":2,"minecraft:furnace":7,"minecraft:carrots":6,"minecraft:andesite":96,"biomesoplenty:mahogany_leaves":7,"biomesoplenty:high_grass":12,"minecraft:deepslate_iron_ore":16,"minecraft:vine":2,"minecraft:rail":47,"minecraft:stripped_oak_log":2,"biomesoplenty:rose_quartz_cluster":1,"biomesoplenty:spider_egg":1,"minecraft:stone":637,"minecraft:bone_block":18,"minecraft:oak_slab":6,"minecraft:flowering_azalea":1,"travelersbackpack:standard":6,"minecraft:oak_fence":14,"minecraft:crafting_table":22,"biomesoplenty:mahogany_planks":10,"biomesoplenty:high_grass_plant":18,"minecraft:tall_grass":8,"minecraft:copper_ore":6,"minecraft:lapis_ore":15,"minecraft:diorite":202,"minecraft:big_dripleaf":1,"minecraft:coarse_dirt":1,"biomesoplenty:mahogany_log":62,"biomesoplenty:pink_daffodil":1,"minecraft:yellow_bed":4,"minecraft:coal_ore":72,"minecraft:cocoa":1,"minecraft:gravel":2,"minecraft:cobweb":66,"minecraft:oak_button":1,"minecraft:gold_ore":10,"minecraft:fern":19},"minecraft:picked_up":{"minecraft:lead":1,"minecraft:enchanted_book":1,"minecraft:string":204,"minecraft:raw_copper":20,"alexsmobs:dropbear_claw":4,"alexsmobs:banana":1,"minecraft:cobbled_deepslate":168,"alexsmobs:raccoon_tail":1,"minecraft:melon_slice":18,"minecraft:furnace":7,"minecraft:stick":21,"minecraft:big_dripleaf":3,"minecraft:oak_fence":11,"minecraft:torch":20,"minecraft:porkchop":23,"tombstone:grave_dust":18,"minecraft:diorite":126,"alexsmobs:centipede_leg":12,"minecraft:rotten_flesh":53,"biomesoplenty:rose_quartz_chunk":2,"minecraft:tropical_fish":86,"biomesoplenty:mahogany_sapling":1,"minecraft:cod":6,"alexsmobs:flying_fish":2,"minecraft:cobblestone":816,"minecraft:cooked_beef":1,"minecraft:feather":3,"minecraft:lilac":5,"minecraft:andesite":127,"minecraft:jungle_log":9,"minecraft:flint":1,"minecraft:jungle_wood":12,"minecraft:smoker":3,"alexsmobs:bison_fur":4,"alexsmobs:bear_fur":2,"minecraft:tuff":1,"biomesoplenty:mahogany_boat":9,"minecraft:lapis_lazuli":161,"minecraft:dirt":920,"minecraft:bone":45,"minecraft:stonecutter":1,"minecraft:bow":1,"minecraft:wheat_seeds":12,"minecraft:raw_gold":10,"minecraft:moss_block":24,"minecraft:oak_planks":91,"biomesoplenty:mahogany_planks":15,"biomesoplenty:mahogany_sign":7,"minecraft:sand":105,"minecraft:jungle_planks":10,"minecraft:ink_sac":2,"alexsmobs:animal_dictionary":1,"minecraft:bundle":1,"minecraft:yellow_carpet":6,"minecraft:lever":2,"minecraft:granite":203,"minecraft:bone_meal":6,"minecraft:emerald":4,"biomesoplenty:pink_daffodil":2,"minecraft:oak_sapling":12,"minecraft:cocoa_beans":6,"minecraft:crafting_table":24,"minecraft:coarse_dirt":1,"minecraft:chicken":2,"minecraft:oak_trapdoor":2,"minecraft:moss_carpet":12,"minecraft:flint_and_steel":1,"minecraft:beef":33,"alexsmobs:elastic_tendon":2,"minecraft:jungle_sapling":2,"minecraft:chest":4,"minecraft:raw_iron":113,"minecraft:stone_button":3,"minecraft:carrot":630,"minecraft:redstone":67,"minecraft:dark_oak_planks":14,"minecraft:tnt":9,"minecraft:arrow":11,"minecraft:shears":1,"minecraft:hay_block":33,"alexscaves:spelunkery_table":3,"tombstone:essence_of_undeath":1,"minecraft:glow_berries":11,"minecraft:mutton":1,"minecraft:rail":47,"minecraft:white_wool":1,"minecraft:bone_block":17,"minecraft:stripped_oak_log":3,"minecraft:tripwire_hook":3,"minecraft:glow_ink_sac":20,"minecraft:leather":2,"minecraft:oak_log":102,"minecraft:yellow_bed":4,"minecraft:paper":24,"biomesoplenty:glowing_moss_carpet":7,"minecraft:kelp":2,"alexsmobs:cockroach_wing_fragment":1,"biomesoplenty:glowworm_silk":1,"minecraft:oak_fence_gate":1,"minecraft:iron_ingot":4,"minecraft:stone_pickaxe":1,"tombstone:bag_of_seeds":1,"minecraft:flowering_azalea":1,"minecraft:oak_slab":2,"minecraft:smooth_basalt":3,"minecraft:spyglass":1,"minecraft:gravel":1,"minecraft:amethyst_shard":4,"minecraft:blast_furnace":2,"minecraft:white_bed":3,"biomesoplenty:glowing_moss_block":3,"minecraft:spider_eye":12,"travelersbackpack:standard":7,"biomesoplenty:mahogany_log":54,"minecraft:stone_axe":2,"minecraft:oak_button":1,"tombstone:magic_scroll":2,"minecraft:coal":87,"minecraft:hopper":3},"minecraft:broken":{"minecraft:iron_shovel":4,"minecraft:stone_pickaxe":1,"minecraft:chainmail_chestplate":1,"minecraft:stone_axe":2,"minecraft:iron_sword":1,"minecraft:flint_and_steel":1,"minecraft:stone_hoe":3,"minecraft:shield":3,"minecraft:iron_pickaxe":5,"minecraft:iron_helmet":1},"minecraft:killed":{"dungeonsweaponry:wraith":1,"minecraft:cave_spider":8,"minecraft:spider":3,"dungeonsweaponry:enchanter":2,"alexsmobs:murmur":1,"minecraft:cod":7,"minecraft:skeleton":22,"minecraft:chicken":3,"alexsmobs:centipede_head":10,"minecraft:pig":10,"alexsmobs:grizzly_bear":2,"minecraft:zombie_villager":1,"minecraft:creeper":2,"minecraft:sheep":1,"minecraft:zombie":47,"alexsmobs:terrapin":1,"minecraft:cow":2,"alexsmobs:dropbear":2,"alexsmobs:raccoon":1,"alexsmobs:seagull":1,"alexsmobs:bison":5,"alexsmobs:flying_fish":5,"minecraft:husk":1,"minecraft:squid":1,"alexsmobs:cockroach":1,"minecraft:enderman":2},"minecraft:crafted":{"minecraft:oak_planks":256,"minecraft:oak_sign":6,"minecraft:stone":10,"minecraft:lever":1,"minecraft:glass":55,"minecraft:hopper":6,"minecraft:iron_boots":2,"minecraft:chest":16,"minecraft:oak_button":1,"minecraft:stone_hoe":4,"minecraft:smoker":1,"minecraft:oak_slab":6,"minecraft:cooked_porkchop":20,"minecraft:crafting_table":7,"minecraft:wooden_pickaxe":1,"minecraft:iron_helmet":2,"dungeonsweaponry:cutlass":1,"minecraft:copper_ingot":2,"minecraft:wooden_hoe":1,"minecraft:iron_chestplate":1,"minecraft:shield":4,"minecraft:stick":124,"minecraft:iron_ingot":94,"minecraft:iron_pickaxe":6,"minecraft:stone_sword":1,"biomesoplenty:mahogany_boat":1,"minecraft:gold_ingot":10,"minecraft:shears":1,"biomesoplenty:mahogany_sign":3,"minecraft:tripwire_hook":2,"minecraft:spyglass":1,"biomesoplenty:mahogany_planks":216,"minecraft:furnace":6,"minecraft:stone_button":1,"minecraft:bone_meal":201,"minecraft:oak_trapdoor":6,"minecraft:flint_and_steel":1,"minecraft:iron_axe":1,"minecraft:stone_pickaxe":4,"alexsmobs:flying_fish_boots":1,"alexsmobs:centipede_leggings":1,"minecraft:wheat":180,"minecraft:cooked_beef":18,"minecraft:cooked_cod":6,"minecraft:stone_axe":2,"minecraft:bread":58,"minecraft:air":0,"minecraft:jungle_planks":84,"minecraft:oak_fence_gate":11,"minecraft:white_wool":18,"minecraft:iron_shovel":4,"minecraft:stonecutter":3,"minecraft:white_bed":2,"minecraft:torch":136},"minecraft:custom":{"minecraft:animals_bred":2,"minecraft:interact_with_crafting_table":92,"minecraft:open_barrel":26,"minecraft:bell_ring":1,"minecraft:leave_game":12,"minecraft:time_since_death":185624,"minecraft:sprint_one_cm":957026,"minecraft:damage_blocked_by_shield":8680,"minecraft:drop":164,"minecraft:talked_to_villager":7,"minecraft:play_time":652082,"minecraft:deaths":43,"minecraft:jump":7988,"minecraft:walk_on_water_one_cm":278014,"minecraft:interact_with_furnace":46,"minecraft:interact_with_loom":15,"minecraft:sleep_in_bed":7,"minecraft:damage_dealt":25562,"minecraft:crouch_one_cm":86379,"tombstone:undead_killed":72,"minecraft:interact_with_smoker":13,"minecraft:horse_one_cm":1369730,"minecraft:mob_kills":143,"minecraft:inspect_hopper":7,"minecraft:climb_one_cm":6060,"minecraft:walk_one_cm":1415695,"minecraft:damage_dealt_absorbed":119,"minecraft:sneak_time":33626,"minecraft:walk_under_water_one_cm":165075,"minecraft:boat_one_cm":122730,"minecraft:interact_with_blast_furnace":13,"minecraft:total_world_time":652082,"minecraft:time_since_rest":137819,"minecraft:damage_taken":18982,"minecraft:damage_absorbed":40,"minecraft:swim_one_cm":88608,"minecraft:fly_one_cm":1280227,"minecraft:open_chest":104,"minecraft:fall_one_cm":166410},"minecraft:used":{"minecraft:iron_shovel":1009,"minecraft:oak_sign":3,"minecraft:chest":14,"biomesoplenty:mahogany_leaves":2,"minecraft:shield":171,"minecraft:iron_sword":410,"minecraft:jungle_planks":94,"minecraft:carrot":388,"minecraft:tuff":3,"minecraft:lava_bucket":10,"minecraft:bow":5,"minecraft:furnace":11,"minecraft:cooked_cod":6,"minecraft:oak_planks":52,"minecraft:stone_pickaxe":235,"minecraft:wooden_pickaxe":23,"dungeonsweaponry:cutlass":163,"minecraft:golden_apple":1,"minecraft:glow_berries":2,"minecraft:pitcher_pod":5,"alexscaves:cave_book":4,"minecraft:blast_furnace":2,"minecraft:shears":54,"minecraft:lever":2,"minecraft:melon_slice":18,"minecraft:bread":67,"minecraft:string":119,"minecraft:stone_button":2,"biomesoplenty:glowing_moss_carpet":1,"minecraft:torchflower_seeds":2,"minecraft:andesite":29,"minecraft:coarse_dirt":1,"minecraft:bone_meal":203,"minecraft:oak_trapdoor":5,"biomesoplenty:mahogany_planks":146,"minecraft:stone_sword":46,"minecraft:flint_and_steel":65,"minecraft:tropical_fish":45,"biomesoplenty:glowing_moss_block":1,"minecraft:stone_hoe":483,"minecraft:torch":155,"minecraft:dirt":358,"minecraft:spyglass":10,"minecraft:hopper":9,"minecraft:yellow_carpet":6,"minecraft:granite":132,"minecraft:oak_fence_gate":12,"minecraft:flowering_azalea":1,"minecraft:iron_axe":133,"minecraft:smooth_basalt":3,"alexscaves:spelunkery_table":2,"minecraft:tripwire_hook":2,"biomesoplenty:glowworm_silk":1,"alexsmobs:banana":1,"tombstone:gift":6,"minecraft:cooked_beef":8,"minecraft:cobbled_deepslate":97,"minecraft:water_bucket":82,"minecraft:stonecutter":5,"minecraft:oak_slab":6,"minecraft:crafting_table":27,"minecraft:white_bed":5,"minecraft:smoker":4,"tombstone:bag_of_seeds":2,"minecraft:wooden_hoe":16,"minecraft:oak_button":1,"minecraft:iron_pickaxe":1323,"biomesoplenty:mahogany_sign":9,"biomesoplenty:mahogany_boat":8,"minecraft:stone_axe":251,"minecraft:cobblestone":175,"travelersbackpack:standard":3,"minecraft:cooked_porkchop":20,"minecraft:bucket":93,"minecraft:yellow_bed":3}},"DataVersion":3465}