{"stats":{"minecraft:custom":{"minecraft:time_since_rest":51227,"minecraft:sprint_one_cm":3993,"minecraft:walk_one_cm":26084,"minecraft:mob_kills":1,"minecraft:drop":103,"minecraft:damage_dealt":40,"minecraft:player_kills":1,"minecraft:fly_one_cm":163219,"minecraft:crouch_one_cm":21,"minecraft:play_time":51227,"minecraft:sneak_time":363,"minecraft:walk_under_water_one_cm":331,"minecraft:jump":38,"minecraft:leave_game":1,"minecraft:time_since_death":51227,"minecraft:walk_on_water_one_cm":21,"minecraft:total_world_time":51227},"minecraft:picked_up":{"minecraft:sandstone":2,"minecraft:sand":23,"minecraft:oak_log":3,"minecraft:dirt":7,"minecraft:arrow":393,"minecraft:cactus":1,"minecraft:enchanted_golden_apple":3,"minecraft:snowball":11,"minecraft:cobblestone":16},"minecraft:used":{"alexsmobs:spawn_egg_mungus":1,"alexscaves:spawn_egg_tremorsaurus":9,"alexscaves:radgill_bucket":1,"minecraft:flint_and_steel":2,"alexscaves:spawn_egg_tremorzilla":1,"minecraft:grass_block":1,"minecraft:pig_spawn_egg":7,"dungeonsweaponry:nameless_one_spawn_egg":1,"minecraft:tnt":3,"dungeonsweaponry:enchanter_spawn_egg":1,"dungeonsweaponry:mountaineer_spawn_egg":3,"alexscaves:spawn_egg_nucleeper":1,"alexscaves:spawn_egg_sea_pig":6},"minecraft:dropped":{"minecraft:dirt":7,"alexscaves:waste_drum":6,"minecraft:oak_log":3,"alexscaves:darkened_apple":1,"minecraft:netherite_sword":1,"minecraft:netherite_boots":1,"minecraft:netherite_chestplate":1,"minecraft:netherite_helmet":1,"minecraft:cobblestone":1,"minecraft:enchanted_golden_apple":50,"dungeonsweaponry:sabrewing":1,"minecraft:sandstone":2,"minecraft:sand":23,"minecraft:arrow":457,"minecraft:cactus":1,"minecraft:netherite_leggings":1}},"DataVersion":3465}