{"stats":{"minecraft:custom":{"minecraft:time_since_rest":27227,"minecraft:crouch_one_cm":7,"minecraft:sprint_one_cm":500,"minecraft:play_time":27227,"minecraft:walk_one_cm":2917,"minecraft:sneak_time":168,"minecraft:drop":27,"minecraft:jump":8,"minecraft:damage_dealt":10,"minecraft:leave_game":1,"minecraft:time_since_death":27227,"minecraft:total_world_time":27227,"minecraft:fly_one_cm":73939},"minecraft:picked_up":{"minecraft:arrow":128},"minecraft:used":{"alexsmobs:spawn_egg_mungus":1,"alexscaves:radgill_bucket":1,"alexscaves:spawn_egg_tremorsaurus":9,"dungeonsweaponry:enchanter_spawn_egg":1,"dungeonsweaponry:mountaineer_spawn_egg":3,"dungeonsweaponry:nameless_one_spawn_egg":1,"alexscaves:spawn_egg_nucleeper":1},"minecraft:dropped":{"dungeonsweaponry:sabrewing":1,"minecraft:arrow":192,"minecraft:netherite_sword":1,"minecraft:netherite_helmet":1,"minecraft:netherite_leggings":1,"minecraft:netherite_chestplate":1,"minecraft:netherite_boots":1}},"DataVersion":3465}