{"stats":{"minecraft:killed":{"minecraft:husk":1,"alexsmobs:raccoon":1,"minecraft:spider":1,"minecraft:cod":7,"alexsmobs:seagull":1,"minecraft:skeleton":2,"minecraft:zombie":13,"alexsmobs:bison":5,"alexsmobs:flying_fish":5},"minecraft:custom":{"minecraft:interact_with_furnace":18,"minecraft:mob_kills":36,"minecraft:interact_with_crafting_table":9,"minecraft:open_barrel":7,"minecraft:leave_game":3,"minecraft:time_since_death":19847,"minecraft:climb_one_cm":3293,"minecraft:time_since_rest":19059,"minecraft:sprint_one_cm":120410,"minecraft:damage_taken":3000,"minecraft:walk_one_cm":158314,"minecraft:drop":33,"minecraft:damage_dealt":5516,"minecraft:swim_one_cm":64943,"minecraft:fly_one_cm":255938,"minecraft:open_chest":7,"minecraft:crouch_one_cm":17640,"tombstone:undead_killed":16,"minecraft:deaths":5,"minecraft:play_time":98949,"minecraft:sneak_time":7391,"minecraft:walk_under_water_one_cm":60474,"minecraft:boat_one_cm":114045,"minecraft:jump":1246,"minecraft:walk_on_water_one_cm":21368,"minecraft:total_world_time":98949,"minecraft:fall_one_cm":39160},"minecraft:mined":{"minecraft:dark_oak_planks":16,"minecraft:kelp_plant":4,"minecraft:jungle_leaves":16,"minecraft:crafting_table":3,"minecraft:grass_block":4,"biomesoplenty:mahogany_planks":3,"minecraft:melon":4,"minecraft:jungle_planks":10,"minecraft:jungle_log":9,"biomesoplenty:high_grass_plant":16,"minecraft:tall_grass":3,"minecraft:big_dripleaf":1,"minecraft:large_fern":2,"minecraft:jungle_wood":12,"minecraft:furnace":1,"biomesoplenty:mahogany_log":62,"minecraft:grass":16,"biomesoplenty:high_grass":12,"minecraft:cocoa":1,"minecraft:vine":2,"biomesoplenty:mahogany_leaves":7,"minecraft:dirt":16,"minecraft:stone":53,"minecraft:bone_block":18,"minecraft:fern":19},"minecraft:picked_up":{"minecraft:cocoa_beans":6,"minecraft:crafting_table":2,"minecraft:cooked_beef":1,"minecraft:jungle_log":9,"minecraft:jungle_wood":12,"alexsmobs:bison_fur":4,"biomesoplenty:mahogany_boat":5,"minecraft:dirt":21,"minecraft:bone":3,"minecraft:kelp":2,"minecraft:wheat_seeds":4,"alexsmobs:banana":1,"minecraft:beef":29,"minecraft:jungle_sapling":2,"alexsmobs:raccoon_tail":1,"minecraft:melon_slice":18,"biomesoplenty:mahogany_planks":3,"minecraft:stick":2,"minecraft:big_dripleaf":3,"minecraft:jungle_planks":10,"tombstone:grave_dust":1,"alexsmobs:animal_dictionary":1,"minecraft:rotten_flesh":8,"minecraft:dark_oak_planks":14,"minecraft:bundle":1,"biomesoplenty:mahogany_log":54,"minecraft:stone_axe":1,"biomesoplenty:mahogany_sapling":1,"tombstone:magic_scroll":1,"alexsmobs:flying_fish":2,"minecraft:cod":6,"minecraft:bone_block":17,"minecraft:cobblestone":53},"minecraft:used":{"biomesoplenty:mahogany_planks":126,"minecraft:stone_pickaxe":51,"biomesoplenty:mahogany_leaves":2,"minecraft:wooden_pickaxe":23,"minecraft:iron_sword":130,"minecraft:dirt":18,"minecraft:crafting_table":3,"minecraft:jungle_planks":94,"minecraft:melon_slice":18,"biomesoplenty:mahogany_boat":5,"minecraft:stone_axe":127,"minecraft:furnace":3,"minecraft:cooked_cod":3,"minecraft:bucket":1,"alexsmobs:banana":1,"minecraft:cooked_beef":8},"minecraft:dropped":{"minecraft:stone_axe":1,"minecraft:kelp":2,"minecraft:wheat_seeds":4,"minecraft:cooked_beef":4,"biomesoplenty:mahogany_leaves":1,"tombstone:gift":1,"minecraft:rotten_flesh":8,"biomesoplenty:mahogany_planks":6,"alexsmobs:bison_fur":4,"minecraft:big_dripleaf":3,"minecraft:leather_chestplate":1,"minecraft:dirt":1,"tombstone:grave_dust":1,"minecraft:leather_leggings":1,"minecraft:wooden_pickaxe":1,"minecraft:string":1,"minecraft:dark_oak_planks":14,"alexsmobs:raccoon_tail":1},"minecraft:killed_by":{"minecraft:wither_skeleton":1,"minecraft:zombie":1,"mythicmounts:dragon":1},"minecraft:crafted":{"minecraft:cooked_beef":18,"minecraft:cooked_cod":6,"minecraft:crafting_table":2,"biomesoplenty:mahogany_planks":216,"minecraft:wooden_pickaxe":1,"minecraft:furnace":3,"minecraft:stone_axe":1,"minecraft:air":0,"minecraft:jungle_planks":84,"minecraft:shield":1,"minecraft:stick":8,"minecraft:iron_ingot":4,"biomesoplenty:mahogany_boat":1,"minecraft:stone_pickaxe":1}},"DataVersion":3465}