{"stats":{"minecraft:custom":{"minecraft:time_since_rest":39227,"minecraft:crouch_one_cm":11,"minecraft:sprint_one_cm":3077,"minecraft:play_time":39227,"minecraft:walk_one_cm":14754,"minecraft:sneak_time":253,"minecraft:mob_kills":1,"minecraft:drop":33,"minecraft:jump":22,"minecraft:damage_dealt":30,"minecraft:leave_game":1,"minecraft:time_since_death":39227,"minecraft:total_world_time":39227,"minecraft:fly_one_cm":94386},"minecraft:picked_up":{"minecraft:sandstone":2,"minecraft:cactus":1,"minecraft:arrow":393,"minecraft:sand":23,"minecraft:oak_log":3,"minecraft:dirt":7,"minecraft:cobblestone":1},"minecraft:used":{"alexsmobs:spawn_egg_mungus":1,"alexscaves:radgill_bucket":1,"alexscaves:spawn_egg_tremorsaurus":9,"alexscaves:spawn_egg_tremorzilla":1,"dungeonsweaponry:enchanter_spawn_egg":1,"dungeonsweaponry:mountaineer_spawn_egg":3,"minecraft:pig_spawn_egg":7,"dungeonsweaponry:nameless_one_spawn_egg":1,"alexscaves:spawn_egg_nucleeper":1,"alexscaves:spawn_egg_sea_pig":6},"minecraft:dropped":{"minecraft:dirt":1,"dungeonsweaponry:sabrewing":1,"minecraft:arrow":457,"minecraft:netherite_sword":1,"minecraft:netherite_helmet":1,"minecraft:netherite_leggings":1,"minecraft:netherite_chestplate":1,"minecraft:netherite_boots":1}},"DataVersion":3465}