{"stats":{"minecraft:killed_by":{"minecraft:wither_skeleton":1,"minecraft:creeper":1,"minecraft:spider":1,"alexsmobs:centipede_head":11,"minecraft:zombie":2,"alexsmobs:grizzly_bear":2,"mythicmounts:dragon":3},"minecraft:dropped":{"minecraft:iron_ingot":3,"minecraft:moss_block":12,"minecraft:wheat_seeds":4,"biomesoplenty:pink_daffodil":2,"minecraft:cooked_beef":4,"minecraft:tnt":3,"biomesoplenty:mahogany_leaves":1,"minecraft:crafting_table":1,"minecraft:oak_fence":2,"minecraft:feather":3,"biomesoplenty:mahogany_planks":6,"minecraft:tropical_fish":20,"alexsmobs:bison_fur":4,"biomesoplenty:mahogany_sign":1,"minecraft:stick":6,"minecraft:dirt":2,"minecraft:wooden_hoe":1,"tombstone:grave_key":1,"minecraft:mutton":1,"tombstone:grave_dust":11,"minecraft:paper":12,"minecraft:string":5,"minecraft:dark_oak_planks":14,"alexsmobs:raccoon_tail":1,"minecraft:bone":13,"minecraft:gold_ingot":7,"minecraft:stone_axe":2,"minecraft:moss_carpet":10,"minecraft:kelp":2,"minecraft:cobbled_deepslate":12,"tombstone:gift":1,"minecraft:chicken":2,"minecraft:rotten_flesh":22,"minecraft:big_dripleaf":3,"minecraft:leather_chestplate":1,"minecraft:oak_sapling":3,"minecraft:leather_leggings":1,"minecraft:spider_eye":2,"minecraft:beef":2,"minecraft:stone_pickaxe":2,"minecraft:wooden_pickaxe":1},"minecraft:mined":{"minecraft:dark_oak_planks":16,"alexscaves:spelunkery_table":3,"minecraft:large_amethyst_bud":2,"minecraft:jungle_leaves":16,"minecraft:cave_vines_plant":1,"biomesoplenty:bush":7,"minecraft:allium":1,"minecraft:grass_block":355,"minecraft:yellow_carpet":6,"minecraft:jungle_planks":10,"minecraft:jungle_log":9,"minecraft:moss_block":13,"minecraft:large_fern":2,"minecraft:hay_block":14,"minecraft:carrots":1,"minecraft:furnace":4,"minecraft:iron_ore":23,"minecraft:fire":1,"minecraft:cobbled_deepslate":16,"minecraft:moss_carpet":4,"minecraft:deepslate_lapis_ore":3,"biomesoplenty:high_grass":12,"minecraft:dirt_path":2,"minecraft:vine":2,"minecraft:cave_vines":2,"minecraft:deepslate_iron_ore":13,"biomesoplenty:mahogany_leaves":7,"biomesoplenty:webbing":1,"minecraft:tripwire":12,"minecraft:stripped_oak_log":2,"minecraft:stone":85,"minecraft:bone_block":18,"minecraft:flowering_azalea":1,"minecraft:amethyst_cluster":1,"minecraft:kelp_plant":4,"minecraft:smoker":3,"minecraft:oak_fence":1,"travelersbackpack:standard":6,"minecraft:torch":1,"minecraft:crafting_table":13,"minecraft:blast_furnace":2,"minecraft:melon":4,"biomesoplenty:mahogany_planks":8,"minecraft:chest":1,"biomesoplenty:high_grass_plant":18,"minecraft:copper_ore":6,"minecraft:tall_grass":8,"minecraft:cobblestone":3,"minecraft:oak_planks":9,"minecraft:wall_torch":7,"minecraft:big_dripleaf":1,"minecraft:jungle_wood":12,"biomesoplenty:glowworm_silk_strand":2,"biomesoplenty:mahogany_log":62,"biomesoplenty:pink_daffodil":1,"minecraft:tnt":3,"minecraft:yellow_bed":4,"minecraft:grass":54,"minecraft:coal_ore":27,"minecraft:oak_log":78,"minecraft:cocoa":1,"minecraft:dirt":103,"minecraft:cobweb":5,"minecraft:smooth_basalt":3,"minecraft:oak_button":1,"minecraft:deepslate":27,"minecraft:oak_leaves":102,"biomesoplenty:reed":1,"minecraft:fern":19},"minecraft:picked_up":{"minecraft:cocoa_beans":6,"minecraft:crafting_table":14,"minecraft:chicken":2,"minecraft:lead":1,"minecraft:enchanted_book":1,"minecraft:string":43,"minecraft:moss_carpet":12,"minecraft:raw_copper":20,"minecraft:flint_and_steel":1,"minecraft:cobbled_deepslate":91,"alexsmobs:banana":1,"minecraft:beef":31,"alexsmobs:elastic_tendon":2,"minecraft:jungle_sapling":2,"alexsmobs:raccoon_tail":1,"minecraft:melon_slice":18,"minecraft:chest":1,"minecraft:furnace":4,"minecraft:stick":16,"minecraft:raw_iron":65,"minecraft:big_dripleaf":3,"minecraft:oak_fence":2,"minecraft:torch":8,"minecraft:porkchop":23,"tombstone:grave_dust":13,"minecraft:carrot":137,"alexsmobs:centipede_leg":12,"minecraft:dark_oak_planks":14,"minecraft:tnt":9,"minecraft:arrow":6,"minecraft:rotten_flesh":46,"minecraft:tropical_fish":79,"biomesoplenty:mahogany_sapling":1,"minecraft:hay_block":26,"alexscaves:spelunkery_table":3,"minecraft:glow_berries":11,"minecraft:mutton":1,"minecraft:bone_block":17,"minecraft:cod":6,"alexsmobs:flying_fish":2,"minecraft:white_wool":1,"minecraft:cobblestone":84,"minecraft:stripped_oak_log":3,"minecraft:feather":3,"minecraft:cooked_beef":1,"minecraft:glow_ink_sac":13,"minecraft:jungle_log":9,"minecraft:jungle_wood":12,"minecraft:smoker":3,"alexsmobs:bear_fur":2,"alexsmobs:bison_fur":4,"minecraft:tuff":1,"minecraft:oak_log":96,"biomesoplenty:mahogany_boat":9,"minecraft:yellow_bed":4,"minecraft:lapis_lazuli":28,"minecraft:dirt":424,"minecraft:paper":24,"minecraft:bone":41,"minecraft:kelp":2,"minecraft:wheat_seeds":8,"minecraft:iron_ingot":4,"minecraft:stone_pickaxe":1,"minecraft:moss_block":24,"minecraft:oak_planks":9,"minecraft:flowering_azalea":1,"biomesoplenty:mahogany_planks":8,"minecraft:smooth_basalt":3,"biomesoplenty:mahogany_sign":6,"minecraft:spyglass":1,"minecraft:jungle_planks":10,"minecraft:amethyst_shard":4,"minecraft:ink_sac":2,"minecraft:blast_furnace":2,"minecraft:spider_eye":2,"alexsmobs:animal_dictionary":1,"minecraft:bundle":1,"travelersbackpack:standard":7,"biomesoplenty:mahogany_log":54,"minecraft:yellow_carpet":6,"minecraft:stone_axe":2,"minecraft:bone_meal":6,"minecraft:oak_button":1,"minecraft:emerald":4,"tombstone:magic_scroll":2,"biomesoplenty:pink_daffodil":2,"minecraft:oak_sapling":10,"minecraft:coal":44},"minecraft:broken":{"minecraft:iron_shovel":1,"minecraft:stone_hoe":3,"minecraft:shield":2,"minecraft:chainmail_chestplate":1,"minecraft:stone_axe":2,"minecraft:iron_sword":1,"minecraft:iron_helmet":1},"minecraft:killed":{"dungeonsweaponry:wraith":1,"alexsmobs:raccoon":1,"minecraft:spider":2,"dungeonsweaponry:enchanter":2,"alexsmobs:murmur":1,"minecraft:cod":7,"alexsmobs:seagull":1,"minecraft:skeleton":16,"minecraft:chicken":3,"alexsmobs:bison":5,"alexsmobs:centipede_head":7,"alexsmobs:flying_fish":5,"minecraft:husk":1,"minecraft:pig":10,"alexsmobs:grizzly_bear":2,"minecraft:zombie_villager":1,"minecraft:creeper":1,"minecraft:squid":1,"minecraft:sheep":1,"minecraft:zombie":40,"alexsmobs:terrapin":1,"minecraft:enderman":2,"minecraft:cow":1},"minecraft:crafted":{"minecraft:oak_planks":124,"minecraft:tripwire_hook":2,"minecraft:spyglass":1,"biomesoplenty:mahogany_planks":216,"minecraft:stone_button":1,"minecraft:furnace":5,"minecraft:stone":1,"minecraft:bone_meal":195,"minecraft:oak_trapdoor":2,"minecraft:iron_boots":1,"minecraft:iron_axe":1,"minecraft:oak_button":1,"minecraft:stone_pickaxe":1,"minecraft:chest":5,"alexsmobs:flying_fish_boots":1,"minecraft:stone_hoe":4,"alexsmobs:centipede_leggings":1,"minecraft:smoker":1,"minecraft:wheat":117,"minecraft:cooked_beef":18,"minecraft:cooked_cod":6,"minecraft:oak_slab":6,"minecraft:cooked_porkchop":20,"minecraft:crafting_table":4,"minecraft:wooden_pickaxe":1,"minecraft:iron_helmet":1,"dungeonsweaponry:cutlass":1,"minecraft:copper_ingot":2,"minecraft:stone_axe":2,"minecraft:air":0,"minecraft:bread":39,"minecraft:jungle_planks":84,"minecraft:wooden_hoe":1,"minecraft:shield":3,"minecraft:stick":32,"minecraft:iron_ingot":47,"minecraft:iron_pickaxe":1,"biomesoplenty:mahogany_boat":1,"minecraft:iron_shovel":2,"minecraft:torch":68,"minecraft:shears":1,"biomesoplenty:mahogany_sign":3},"minecraft:custom":{"minecraft:mob_kills":113,"minecraft:interact_with_crafting_table":54,"minecraft:open_barrel":26,"minecraft:bell_ring":1,"minecraft:leave_game":9,"minecraft:time_since_death":45161,"minecraft:climb_one_cm":6060,"minecraft:sprint_one_cm":589056,"minecraft:walk_one_cm":777075,"minecraft:damage_blocked_by_shield":6910,"minecraft:drop":77,"minecraft:damage_dealt_absorbed":119,"minecraft:talked_to_villager":7,"minecraft:play_time":405112,"minecraft:sneak_time":17163,"minecraft:deaths":26,"minecraft:walk_under_water_one_cm":115914,"minecraft:boat_one_cm":122730,"minecraft:jump":4986,"minecraft:interact_with_blast_furnace":8,"minecraft:walk_on_water_one_cm":163312,"minecraft:total_world_time":405112,"minecraft:interact_with_furnace":25,"minecraft:interact_with_loom":15,"minecraft:sleep_in_bed":4,"minecraft:time_since_rest":1120,"minecraft:damage_taken":12089,"minecraft:damage_absorbed":40,"minecraft:damage_dealt":20740,"minecraft:swim_one_cm":79937,"minecraft:fly_one_cm":911619,"minecraft:crouch_one_cm":43101,"minecraft:open_chest":70,"tombstone:undead_killed":59,"minecraft:interact_with_smoker":13,"minecraft:fall_one_cm":117005,"minecraft:horse_one_cm":956638},"minecraft:used":{"minecraft:oak_trapdoor":2,"biomesoplenty:mahogany_planks":146,"minecraft:iron_shovel":421,"minecraft:tropical_fish":43,"minecraft:chest":6,"biomesoplenty:mahogany_leaves":2,"minecraft:shield":138,"minecraft:iron_sword":410,"minecraft:stone_hoe":417,"minecraft:torch":59,"minecraft:dirt":91,"minecraft:spyglass":6,"minecraft:jungle_planks":94,"minecraft:carrot":177,"minecraft:yellow_carpet":6,"minecraft:tuff":3,"minecraft:flowering_azalea":1,"minecraft:iron_axe":8,"minecraft:tripwire_hook":2,"minecraft:smooth_basalt":3,"alexscaves:spelunkery_table":2,"minecraft:cooked_cod":6,"minecraft:furnace":7,"alexsmobs:banana":1,"tombstone:gift":1,"minecraft:cooked_beef":8,"minecraft:cobbled_deepslate":40,"minecraft:water_bucket":63,"minecraft:oak_planks":51,"minecraft:stone_pickaxe":88,"minecraft:wooden_pickaxe":23,"dungeonsweaponry:cutlass":49,"minecraft:golden_apple":1,"minecraft:glow_berries":2,"minecraft:oak_slab":6,"minecraft:crafting_table":15,"alexscaves:cave_book":4,"minecraft:blast_furnace":2,"minecraft:shears":12,"minecraft:smoker":4,"minecraft:wooden_hoe":16,"minecraft:stone_button":1,"minecraft:oak_button":1,"minecraft:melon_slice":18,"minecraft:bread":20,"minecraft:string":28,"minecraft:iron_pickaxe":134,"biomesoplenty:mahogany_sign":8,"minecraft:stone_axe":251,"biomesoplenty:mahogany_boat":8,"minecraft:cobblestone":32,"travelersbackpack:standard":1,"minecraft:cooked_porkchop":20,"minecraft:bucket":63,"minecraft:yellow_bed":3,"minecraft:bone_meal":197}},"DataVersion":3465}