{"stats":{"minecraft:killed_by":{"minecraft:wither_skeleton":1,"minecraft:creeper":2,"minecraft:silverfish":1,"minecraft:cave_spider":5,"minecraft:zombie":2,"alexsmobs:grizzly_bear":2,"mythicmounts:dragon":11,"minecraft:husk":3,"minecraft:spider":1,"minecraft:enderman":1,"alexsmobs:centipede_head":18},"minecraft:dropped":{"minecraft:iron_sword":1,"minecraft:soul_sand":1,"minecraft:moss_block":12,"minecraft:birch_planks":4,"biomesoplenty:pink_daffodil":2,"minecraft:lapis_lazuli":105,"minecraft:cooked_beef":4,"minecraft:glow_ink_sac":9,"minecraft:crafting_table":3,"biomesoplenty:mahogany_planks":16,"minecraft:cracked_stone_bricks":1,"alexsmobs:flying_fish_boots":1,"minecraft:rail":59,"alexsmobs:bison_fur":4,"minecraft:dirt":75,"minecraft:stone_button":2,"minecraft:mutton":1,"minecraft:dark_oak_trapdoor":1,"minecraft:bone_block":1,"minecraft:bone_meal":1,"minecraft:dark_oak_planks":15,"alexsmobs:raccoon_tail":1,"minecraft:gold_ingot":17,"minecraft:bone":15,"minecraft:stone_axe":2,"minecraft:lever":1,"minecraft:cobbled_deepslate":17,"minecraft:wheat":7,"tombstone:gift":1,"minecraft:rotten_flesh":32,"biomesoplenty:glowing_moss_block":2,"minecraft:carrot":990,"biomesoplenty:glowing_moss_carpet":6,"minecraft:leather_chestplate":1,"minecraft:leather_leggings":1,"minecraft:arrow":4,"minecraft:beef":4,"minecraft:stone_hoe":1,"minecraft:iron_ingot":3,"minecraft:oak_slab":27,"minecraft:wheat_seeds":9,"minecraft:lilac":4,"minecraft:tnt":3,"biomesoplenty:mahogany_leaves":1,"biomesoplenty:lavender":4,"minecraft:oak_fence":14,"minecraft:iron_helmet":1,"minecraft:feather":3,"minecraft:cobblestone":516,"minecraft:granite":65,"minecraft:tropical_fish":26,"biomesoplenty:mahogany_sign":1,"minecraft:stick":15,"minecraft:end_rod":1,"minecraft:diorite":35,"minecraft:golden_carrot":4,"minecraft:wooden_hoe":1,"tombstone:grave_key":1,"biomesoplenty:brimstone":4,"tombstone:grave_dust":12,"minecraft:paper":12,"minecraft:string":6,"minecraft:tripwire_hook":3,"minecraft:redstone":20,"minecraft:moss_carpet":10,"minecraft:kelp":13,"minecraft:oak_trapdoor":6,"minecraft:stone_sword":1,"minecraft:white_carpet":2,"minecraft:chicken":2,"minecraft:name_tag":1,"minecraft:oak_sign":7,"minecraft:shears":2,"minecraft:filled_map":2,"minecraft:big_dripleaf":3,"minecraft:oak_button":1,"alexsmobs:cockroach_wing_fragment":1,"minecraft:spruce_planks":1,"minecraft:andesite":92,"minecraft:mossy_stone_bricks":1,"minecraft:oak_boat":1,"minecraft:oak_sapling":4,"minecraft:spider_eye":13,"tombstone:essence_of_undeath":1,"minecraft:stone_pickaxe":3,"minecraft:wooden_pickaxe":1},"minecraft:mined":{"minecraft:dark_oak_planks":35,"minecraft:large_amethyst_bud":2,"minecraft:spruce_planks":34,"minecraft:white_bed":10,"minecraft:jungle_leaves":19,"biomesoplenty:brimstone":2,"minecraft:brewing_stand":9,"minecraft:cave_vines_plant":1,"minecraft:granite":201,"minecraft:grass_block":519,"minecraft:yellow_carpet":6,"minecraft:jungle_log":9,"minecraft:hopper":3,"minecraft:tall_seagrass":2,"minecraft:magma_block":1,"minecraft:dark_oak_trapdoor":1,"minecraft:iron_ore":118,"minecraft:cobbled_deepslate":26,"minecraft:sticky_piston":11,"minecraft:fire":1,"biomesoplenty:lavender":6,"minecraft:moss_carpet":4,"minecraft:deepslate_lapis_ore":7,"biomesoplenty:hanging_cobweb":1,"biomesoplenty:glowshroom_block":2,"minecraft:cave_vines":2,"minecraft:dirt_path":6,"biomesoplenty:webbing":5,"minecraft:iron_bars":2,"minecraft:tripwire":56,"minecraft:piston_head":1,"minecraft:deepslate_redstone_ore":12,"biomesoplenty:glowworm_silk":1,"biomesoplenty:glowing_moss_carpet":1,"minecraft:kelp_plant":18,"minecraft:smoker":3,"minecraft:amethyst_cluster":1,"biomesoplenty:brimstone_fumarole":1,"minecraft:torch":2,"minecraft:note_block":2,"minecraft:blast_furnace":2,"minecraft:melon":4,"minecraft:chest":4,"minecraft:mushroom_stem":3,"minecraft:glass":4,"minecraft:cobblestone":140,"minecraft:bricks":2,"minecraft:damaged_anvil":1,"minecraft:oak_planks":139,"minecraft:wall_torch":27,"minecraft:seagrass":2,"minecraft:repeater":7,"minecraft:jungle_wood":12,"biomesoplenty:glowworm_silk_strand":4,"minecraft:birch_log":65,"minecraft:birch_trapdoor":2,"minecraft:lilac":3,"biomesoplenty:large_rose_quartz_bud":4,"minecraft:tnt":3,"minecraft:infested_mossy_stone_bricks":3,"minecraft:grass":87,"minecraft:oak_log":161,"minecraft:oak_fence_gate":9,"minecraft:sand":106,"minecraft:dirt":691,"minecraft:infested_cracked_stone_bricks":1,"minecraft:smooth_basalt":3,"minecraft:stonecutter":4,"minecraft:netherrack":2,"minecraft:dark_prismarine":14,"minecraft:oak_leaves":146,"minecraft:deepslate":136,"biomesoplenty:reed":4,"biomesoplenty:glowing_moss_block":4,"alexscaves:spelunkery_table":3,"minecraft:tuff":2,"minecraft:stone_button":1,"minecraft:lever":1,"biomesoplenty:bush":29,"minecraft:allium":1,"minecraft:jungle_planks":10,"minecraft:redstone_wire":11,"minecraft:infested_chiseled_stone_bricks":1,"minecraft:moss_block":13,"minecraft:kelp":40,"minecraft:large_fern":2,"minecraft:hay_block":26,"minecraft:oak_trapdoor":8,"minecraft:furnace":16,"minecraft:carrots":14,"minecraft:andesite":135,"minecraft:gold_block":3,"minecraft:bell":1,"minecraft:deepslate_iron_ore":23,"biomesoplenty:high_grass":18,"biomesoplenty:brimstone_bud":1,"minecraft:vine":2,"biomesoplenty:mahogany_leaves":7,"minecraft:rail":47,"minecraft:stripped_oak_log":2,"minecraft:bamboo_sapling":1,"minecraft:bamboo":39,"biomesoplenty:spider_egg":1,"minecraft:stone":808,"biomesoplenty:rose_quartz_cluster":1,"minecraft:bone_block":218,"minecraft:smithing_table":9,"minecraft:oak_slab":31,"minecraft:scaffolding":34,"minecraft:redstone_block":8,"minecraft:flowering_azalea":1,"minecraft:soul_sand":31,"minecraft:infested_stone_bricks":2,"travelersbackpack:standard":12,"minecraft:oak_fence":14,"biomesoplenty:mahogany_wall_sign":1,"minecraft:crafting_table":32,"biomesoplenty:mahogany_planks":10,"minecraft:stone_slab":1,"minecraft:rose_bush":1,"minecraft:copper_ore":6,"biomesoplenty:high_grass_plant":25,"minecraft:tall_grass":10,"minecraft:lapis_ore":15,"minecraft:diorite":202,"minecraft:big_dripleaf":1,"minecraft:birch_planks":1,"minecraft:coarse_dirt":1,"dungeonsweaponry:wraith_fire":17,"biomesoplenty:mahogany_log":62,"biomesoplenty:pink_daffodil":1,"minecraft:torchflower":1,"minecraft:birch_leaves":4,"minecraft:yellow_bed":4,"minecraft:coal_ore":72,"minecraft:cocoa":1,"minecraft:pitcher_crop":2,"minecraft:end_rod":1,"minecraft:gravel":12,"minecraft:cobweb":67,"minecraft:cracked_stone_bricks":1,"minecraft:oak_button":1,"minecraft:stone_bricks":6,"minecraft:mossy_stone_bricks":2,"minecraft:gold_ore":10,"minecraft:fern":26},"minecraft:picked_up":{"minecraft:redstone_block":8,"minecraft:smithing_table":9,"minecraft:lead":1,"minecraft:enchanted_book":1,"minecraft:brewing_stand":9,"minecraft:dark_oak_trapdoor":1,"minecraft:string":215,"minecraft:raw_copper":20,"minecraft:iron_leggings":1,"minecraft:sticky_piston":12,"minecraft:oak_sign":3,"biomesoplenty:brimstone":4,"alexsmobs:dropbear_claw":4,"minecraft:cobbled_deepslate":215,"alexsmobs:banana":1,"minecraft:spruce_planks":32,"minecraft:rose_bush":1,"alexsmobs:raccoon_tail":1,"minecraft:melon_slice":18,"minecraft:furnace":16,"minecraft:stick":30,"minecraft:big_dripleaf":3,"minecraft:birch_trapdoor":2,"minecraft:oak_fence":13,"minecraft:torch":36,"minecraft:porkchop":23,"tombstone:grave_dust":19,"minecraft:diorite":126,"alexsmobs:centipede_leg":12,"minecraft:rotten_flesh":64,"biomesoplenty:rose_quartz_chunk":2,"minecraft:tropical_fish":86,"biomesoplenty:mahogany_sapling":1,"minecraft:end_rod":1,"minecraft:cod":6,"minecraft:iron_bars":2,"alexsmobs:flying_fish":2,"minecraft:cobblestone":1248,"biomesoplenty:lavender":4,"minecraft:birch_log":65,"minecraft:magma_block":1,"minecraft:cooked_beef":1,"minecraft:feather":4,"minecraft:lilac":6,"minecraft:repeater":8,"minecraft:andesite":165,"minecraft:jungle_log":9,"minecraft:jungle_wood":12,"minecraft:smoker":3,"minecraft:potato":1,"alexsmobs:bear_fur":2,"alexsmobs:bison_fur":4,"minecraft:flint":1,"minecraft:tuff":3,"biomesoplenty:mahogany_boat":13,"minecraft:lapis_lazuli":161,"minecraft:dirt":1223,"minecraft:bone":54,"minecraft:bow":1,"minecraft:stonecutter":3,"minecraft:wheat_seeds":14,"minecraft:raw_gold":10,"minecraft:bell":1,"minecraft:mossy_stone_bricks":1,"minecraft:bamboo":415,"minecraft:moss_block":24,"minecraft:pitcher_pod":4,"minecraft:oak_planks":135,"biomesoplenty:mahogany_planks":15,"biomesoplenty:mahogany_sign":9,"minecraft:sand":105,"minecraft:jungle_planks":10,"minecraft:ink_sac":6,"alexsmobs:animal_dictionary":1,"minecraft:dark_prismarine":14,"minecraft:bundle":2,"minecraft:yellow_carpet":6,"minecraft:lever":2,"minecraft:granite":219,"minecraft:bone_meal":11,"minecraft:emerald":6,"biomesoplenty:pink_daffodil":2,"minecraft:oak_sapling":21,"minecraft:bricks":1,"minecraft:cocoa_beans":6,"minecraft:coarse_dirt":2,"minecraft:crafting_table":33,"minecraft:chicken":2,"minecraft:gold_block":3,"minecraft:oak_trapdoor":7,"minecraft:red_bed":1,"minecraft:moss_carpet":12,"minecraft:flint_and_steel":1,"minecraft:cracked_stone_bricks":1,"minecraft:beef":33,"minecraft:oak_boat":4,"alexsmobs:elastic_tendon":2,"minecraft:jungle_sapling":2,"minecraft:chest":4,"minecraft:birch_sapling":17,"minecraft:raw_iron":224,"minecraft:stone_button":3,"minecraft:carrot":1397,"minecraft:redstone":83,"minecraft:dark_oak_planks":22,"minecraft:tnt":9,"minecraft:arrow":21,"minecraft:shears":1,"minecraft:hay_block":38,"alexscaves:spelunkery_table":3,"tombstone:essence_of_undeath":2,"minecraft:glow_berries":11,"minecraft:mutton":1,"minecraft:bone_block":239,"minecraft:rail":47,"minecraft:white_wool":1,"minecraft:stripped_oak_log":3,"minecraft:golden_carrot":4,"minecraft:glow_ink_sac":21,"minecraft:tripwire_hook":3,"minecraft:leather":2,"minecraft:filled_map":1,"minecraft:birch_planks":2,"minecraft:torchflower":1,"minecraft:oak_log":179,"minecraft:yellow_bed":4,"minecraft:paper":24,"biomesoplenty:glowing_moss_carpet":7,"minecraft:stone_bricks":5,"minecraft:kelp":107,"alexsmobs:cockroach_wing_fragment":1,"biomesoplenty:glowworm_silk":1,"minecraft:iron_ingot":4,"minecraft:oak_fence_gate":9,"minecraft:stone_pickaxe":1,"tombstone:bag_of_seeds":1,"minecraft:iron_sword":1,"minecraft:flowering_azalea":1,"minecraft:soul_sand":31,"minecraft:scaffolding":255,"minecraft:oak_slab":21,"minecraft:smooth_basalt":3,"minecraft:pitcher_plant":2,"minecraft:spyglass":1,"minecraft:torchflower_seeds":1,"minecraft:gravel":15,"minecraft:amethyst_shard":4,"minecraft:blast_furnace":2,"minecraft:white_bed":10,"biomesoplenty:glowing_moss_block":3,"minecraft:spider_eye":24,"travelersbackpack:standard":13,"alexsmobs:raw_catfish":1,"biomesoplenty:mahogany_log":54,"minecraft:stone_axe":2,"minecraft:iron_helmet":1,"minecraft:oak_button":1,"tombstone:magic_scroll":2,"minecraft:damaged_anvil":1,"minecraft:coal":87,"minecraft:hopper":3},"minecraft:broken":{"minecraft:iron_shovel":4,"minecraft:iron_boots":1,"minecraft:iron_chestplate":1,"minecraft:stone_pickaxe":2,"minecraft:chainmail_chestplate":1,"minecraft:stone_axe":2,"minecraft:iron_sword":2,"minecraft:stone_sword":3,"minecraft:flint_and_steel":1,"minecraft:stone_hoe":3,"minecraft:shield":4,"minecraft:iron_axe":1,"dungeonsweaponry:cutlass":1,"minecraft:iron_pickaxe":7,"minecraft:iron_helmet":2},"minecraft:killed":{"dungeonsweaponry:wraith":2,"alexsmobs:lobster":2,"minecraft:cave_spider":343,"minecraft:spider":5,"dungeonsweaponry:enchanter":3,"alexsmobs:murmur":1,"minecraft:cod":7,"minecraft:skeleton":26,"minecraft:chicken":3,"minecraft:silverfish":16,"alexsmobs:centipede_head":11,"minecraft:pig":10,"alexsmobs:grizzly_bear":2,"minecraft:zombie_villager":2,"alexsmobs:seal":1,"minecraft:creeper":3,"minecraft:sheep":1,"minecraft:zombie":53,"alexsmobs:terrapin":1,"minecraft:cow":2,"alexsmobs:dropbear":3,"alexsmobs:raccoon":1,"alexsmobs:seagull":1,"alexsmobs:bison":5,"minecraft:drowned":2,"alexsmobs:flying_fish":5,"minecraft:husk":1,"alexsmobs:skunk":1,"minecraft:squid":5,"alexsmobs:catfish":1,"alexsmobs:cockroach":1,"alexsmobs:crow":1,"minecraft:enderman":3},"minecraft:crafted":{"minecraft:oak_planks":368,"minecraft:oak_sign":9,"minecraft:stone":10,"minecraft:lever":1,"minecraft:glass":103,"minecraft:hopper":6,"minecraft:iron_boots":3,"minecraft:chest":17,"minecraft:oak_button":1,"minecraft:stone_hoe":5,"minecraft:oak_fence":3,"minecraft:smoker":1,"minecraft:oak_slab":48,"minecraft:cooked_porkchop":20,"minecraft:crafting_table":10,"minecraft:wooden_pickaxe":1,"minecraft:iron_helmet":3,"dungeonsweaponry:cutlass":2,"minecraft:copper_ingot":2,"minecraft:birch_planks":8,"minecraft:iron_chestplate":2,"minecraft:wooden_hoe":1,"minecraft:shield":5,"minecraft:stick":200,"minecraft:iron_ingot":151,"minecraft:iron_pickaxe":8,"biomesoplenty:mahogany_boat":1,"minecraft:stone_sword":4,"minecraft:gold_ingot":37,"minecraft:shears":1,"biomesoplenty:mahogany_sign":3,"minecraft:golden_carrot":17,"minecraft:tripwire_hook":2,"minecraft:spyglass":1,"biomesoplenty:mahogany_planks":216,"minecraft:furnace":6,"minecraft:stone_button":1,"minecraft:dark_oak_trapdoor":2,"minecraft:bone_meal":526,"minecraft:white_carpet":6,"minecraft:oak_trapdoor":12,"minecraft:flint_and_steel":1,"minecraft:scaffolding":354,"travelersbackpack:white_sleeping_bag":1,"minecraft:iron_axe":2,"minecraft:stone_pickaxe":5,"alexsmobs:flying_fish_boots":1,"alexsmobs:centipede_leggings":1,"minecraft:wheat":225,"minecraft:cooked_beef":18,"minecraft:coal_block":1,"minecraft:cooked_cod":6,"travelersbackpack:backpack_tank":2,"minecraft:stone_axe":2,"minecraft:air":0,"minecraft:bread":73,"minecraft:jungle_planks":84,"minecraft:oak_boat":2,"minecraft:oak_fence_gate":23,"minecraft:white_wool":69,"minecraft:gold_nugget":72,"minecraft:birch_trapdoor":2,"minecraft:iron_shovel":5,"minecraft:iron_leggings":1,"minecraft:stonecutter":3,"minecraft:white_bed":6,"minecraft:torch":160},"minecraft:custom":{"minecraft:animals_bred":2,"minecraft:interact_with_crafting_table":171,"minecraft:open_barrel":45,"minecraft:bell_ring":1,"minecraft:leave_game":30,"minecraft:time_since_death":33278,"minecraft:sprint_one_cm":1405469,"minecraft:damage_blocked_by_shield":11240,"minecraft:drop":237,"minecraft:play_noteblock":3,"minecraft:talked_to_villager":11,"minecraft:play_time":1049344,"minecraft:deaths":61,"minecraft:jump":11883,"minecraft:walk_on_water_one_cm":403232,"minecraft:interact_with_furnace":53,"minecraft:interact_with_loom":15,"minecraft:sleep_in_bed":21,"minecraft:damage_dealt":62866,"minecraft:crouch_one_cm":165883,"tombstone:undead_killed":85,"minecraft:interact_with_smoker":15,"minecraft:horse_one_cm":3618375,"minecraft:mob_kills":528,"minecraft:inspect_hopper":10,"minecraft:climb_one_cm":89497,"minecraft:walk_one_cm":2113588,"minecraft:damage_dealt_absorbed":119,"minecraft:sneak_time":77677,"minecraft:walk_under_water_one_cm":311327,"minecraft:boat_one_cm":273577,"minecraft:interact_with_blast_furnace":20,"minecraft:total_world_time":1049344,"minecraft:tune_noteblock":1,"minecraft:interact_with_stonecutter":1,"minecraft:time_since_rest":9060,"minecraft:damage_absorbed":40,"minecraft:damage_taken":24918,"minecraft:swim_one_cm":188837,"minecraft:fly_one_cm":1908040,"minecraft:open_chest":234,"minecraft:fall_one_cm":224331},"minecraft:used":{"minecraft:iron_shovel":1202,"minecraft:bone_block":1,"minecraft:oak_sign":5,"minecraft:shield":404,"minecraft:chest":14,"biomesoplenty:mahogany_leaves":2,"minecraft:iron_sword":549,"minecraft:soul_sand":5,"minecraft:jungle_planks":94,"minecraft:carrot":462,"minecraft:tuff":3,"minecraft:glass":37,"minecraft:lava_bucket":10,"minecraft:villager_spawn_egg":1,"minecraft:stone_bricks":5,"minecraft:birch_trapdoor":4,"minecraft:bow":7,"minecraft:scaffolding":257,"minecraft:furnace":11,"minecraft:cooked_cod":6,"minecraft:potato":1,"minecraft:torchflower":1,"minecraft:oak_planks":57,"minecraft:stone_pickaxe":366,"minecraft:wooden_pickaxe":23,"dungeonsweaponry:cutlass":436,"minecraft:glow_berries":8,"minecraft:golden_apple":1,"minecraft:dark_oak_trapdoor":2,"minecraft:pitcher_pod":9,"alexscaves:cave_book":4,"minecraft:blast_furnace":2,"minecraft:shears":54,"minecraft:lever":2,"minecraft:melon_slice":18,"minecraft:bread":69,"minecraft:stone_button":2,"minecraft:string":119,"tombstone:grave_key":3,"biomesoplenty:glowing_moss_carpet":1,"minecraft:torchflower_seeds":3,"minecraft:smithing_table":8,"minecraft:andesite":36,"minecraft:oak_boat":4,"minecraft:coarse_dirt":1,"minecraft:bone_meal":533,"minecraft:oak_fence":1,"biomesoplenty:mahogany_planks":146,"minecraft:oak_trapdoor":14,"minecraft:rose_bush":1,"minecraft:stone_sword":469,"minecraft:flint_and_steel":79,"minecraft:tropical_fish":45,"biomesoplenty:glowing_moss_block":1,"minecraft:spruce_planks":19,"minecraft:stone_hoe":501,"minecraft:torch":204,"minecraft:brewing_stand":8,"minecraft:dirt":678,"minecraft:spyglass":24,"minecraft:white_carpet":4,"minecraft:hopper":9,"minecraft:yellow_carpet":6,"minecraft:granite":137,"minecraft:oak_fence_gate":32,"minecraft:dark_oak_planks":2,"minecraft:flowering_azalea":1,"minecraft:iron_axe":502,"minecraft:smooth_basalt":3,"minecraft:bamboo":40,"minecraft:tripwire_hook":2,"alexscaves:spelunkery_table":2,"minecraft:golden_carrot":4,"minecraft:pitcher_plant":2,"biomesoplenty:glowworm_silk":1,"alexsmobs:lobster_bucket":1,"tombstone:gift":7,"minecraft:cooked_beef":8,"alexsmobs:banana":1,"minecraft:cobbled_deepslate":112,"minecraft:water_bucket":152,"minecraft:stonecutter":7,"minecraft:crafting_table":39,"minecraft:oak_slab":35,"minecraft:red_bed":1,"minecraft:white_bed":17,"minecraft:smoker":4,"minecraft:dark_prismarine":4,"tombstone:bag_of_seeds":2,"minecraft:wooden_hoe":16,"minecraft:iron_pickaxe":1942,"minecraft:oak_button":1,"travelersbackpack:white_sleeping_bag":1,"biomesoplenty:mahogany_sign":10,"biomesoplenty:mahogany_boat":13,"minecraft:stone_axe":251,"minecraft:cobblestone":370,"travelersbackpack:standard":6,"minecraft:cooked_porkchop":20,"minecraft:bucket":165,"minecraft:yellow_bed":3,"minecraft:kelp":30}},"DataVersion":3465}