{"stats":{"minecraft:killed_by":{"minecraft:wither_skeleton":1,"minecraft:creeper":2,"minecraft:cave_spider":4,"minecraft:zombie":2,"alexsmobs:grizzly_bear":2,"mythicmounts:dragon":11,"minecraft:spider":1,"minecraft:enderman":1,"alexsmobs:centipede_head":18},"minecraft:dropped":{"minecraft:soul_sand":1,"minecraft:moss_block":12,"biomesoplenty:pink_daffodil":2,"minecraft:lapis_lazuli":105,"minecraft:cooked_beef":4,"minecraft:glow_ink_sac":9,"minecraft:crafting_table":3,"biomesoplenty:mahogany_planks":16,"alexsmobs:flying_fish_boots":1,"minecraft:rail":59,"alexsmobs:bison_fur":4,"minecraft:dirt":75,"minecraft:stone_button":2,"minecraft:mutton":1,"minecraft:bone_meal":1,"minecraft:dark_oak_planks":14,"alexsmobs:raccoon_tail":1,"minecraft:bone":15,"minecraft:gold_ingot":17,"minecraft:stone_axe":2,"minecraft:lever":1,"minecraft:cobbled_deepslate":17,"minecraft:wheat":2,"tombstone:gift":1,"minecraft:rotten_flesh":31,"biomesoplenty:glowing_moss_block":2,"biomesoplenty:glowing_moss_carpet":6,"minecraft:leather_chestplate":1,"minecraft:leather_leggings":1,"minecraft:arrow":2,"minecraft:beef":4,"minecraft:stone_hoe":1,"minecraft:iron_ingot":3,"minecraft:oak_slab":2,"minecraft:wheat_seeds":8,"minecraft:lilac":4,"minecraft:tnt":3,"biomesoplenty:mahogany_leaves":1,"minecraft:oak_fence":14,"minecraft:feather":3,"minecraft:cobblestone":516,"minecraft:granite":65,"minecraft:tropical_fish":26,"biomesoplenty:mahogany_sign":1,"minecraft:stick":15,"minecraft:diorite":35,"minecraft:wooden_hoe":1,"tombstone:grave_key":1,"tombstone:grave_dust":12,"minecraft:paper":12,"minecraft:string":6,"minecraft:tripwire_hook":3,"minecraft:redstone":20,"minecraft:moss_carpet":10,"minecraft:kelp":2,"minecraft:oak_trapdoor":3,"minecraft:chicken":2,"minecraft:name_tag":1,"minecraft:oak_sign":3,"minecraft:shears":2,"minecraft:filled_map":2,"minecraft:big_dripleaf":3,"minecraft:oak_button":1,"alexsmobs:cockroach_wing_fragment":1,"minecraft:andesite":90,"minecraft:oak_sapling":4,"minecraft:spider_eye":12,"tombstone:essence_of_undeath":1,"minecraft:stone_pickaxe":2,"minecraft:wooden_pickaxe":1},"minecraft:mined":{"minecraft:dark_oak_planks":16,"minecraft:large_amethyst_bud":2,"minecraft:white_bed":3,"minecraft:jungle_leaves":16,"minecraft:cave_vines_plant":1,"minecraft:granite":201,"minecraft:grass_block":507,"minecraft:yellow_carpet":6,"minecraft:jungle_log":9,"minecraft:hopper":3,"minecraft:iron_ore":118,"minecraft:cobbled_deepslate":22,"minecraft:fire":1,"minecraft:moss_carpet":4,"minecraft:deepslate_lapis_ore":7,"biomesoplenty:hanging_cobweb":1,"biomesoplenty:glowshroom_block":2,"minecraft:cave_vines":2,"minecraft:dirt_path":2,"biomesoplenty:webbing":5,"minecraft:tripwire":56,"minecraft:deepslate_redstone_ore":12,"minecraft:kelp_plant":4,"biomesoplenty:glowing_moss_carpet":1,"biomesoplenty:glowworm_silk":1,"minecraft:smoker":3,"minecraft:amethyst_cluster":1,"minecraft:torch":2,"minecraft:blast_furnace":2,"minecraft:melon":4,"minecraft:chest":4,"minecraft:mushroom_stem":3,"minecraft:glass":4,"minecraft:cobblestone":73,"minecraft:oak_planks":134,"minecraft:wall_torch":27,"minecraft:jungle_wood":12,"minecraft:birch_log":65,"biomesoplenty:glowworm_silk_strand":4,"minecraft:birch_trapdoor":2,"minecraft:lilac":2,"biomesoplenty:large_rose_quartz_bud":4,"minecraft:tnt":3,"minecraft:grass":67,"minecraft:oak_log":161,"minecraft:oak_fence_gate":9,"minecraft:sand":106,"minecraft:dirt":519,"minecraft:smooth_basalt":3,"minecraft:stonecutter":4,"minecraft:netherrack":2,"minecraft:oak_leaves":145,"minecraft:deepslate":136,"biomesoplenty:reed":1,"biomesoplenty:glowing_moss_block":4,"alexscaves:spelunkery_table":3,"minecraft:tuff":2,"minecraft:allium":1,"minecraft:lever":1,"biomesoplenty:bush":21,"minecraft:stone_button":1,"minecraft:jungle_planks":10,"minecraft:moss_block":13,"minecraft:large_fern":2,"minecraft:hay_block":21,"minecraft:oak_trapdoor":6,"minecraft:furnace":7,"minecraft:carrots":6,"minecraft:andesite":131,"biomesoplenty:high_grass":12,"minecraft:deepslate_iron_ore":23,"biomesoplenty:mahogany_leaves":7,"minecraft:vine":2,"minecraft:rail":47,"minecraft:stripped_oak_log":2,"biomesoplenty:spider_egg":1,"minecraft:stone":798,"biomesoplenty:rose_quartz_cluster":1,"minecraft:bone_block":18,"minecraft:smithing_table":1,"minecraft:oak_slab":9,"minecraft:flowering_azalea":1,"minecraft:soul_sand":29,"travelersbackpack:standard":8,"minecraft:oak_fence":14,"minecraft:crafting_table":28,"biomesoplenty:mahogany_planks":10,"biomesoplenty:high_grass_plant":19,"minecraft:copper_ore":6,"minecraft:tall_grass":8,"minecraft:lapis_ore":15,"minecraft:diorite":202,"minecraft:big_dripleaf":1,"minecraft:coarse_dirt":1,"biomesoplenty:mahogany_log":62,"biomesoplenty:pink_daffodil":1,"minecraft:birch_leaves":4,"minecraft:yellow_bed":4,"minecraft:coal_ore":72,"minecraft:cocoa":1,"minecraft:gravel":12,"minecraft:cobweb":67,"minecraft:oak_button":1,"minecraft:gold_ore":10,"minecraft:fern":19},"minecraft:picked_up":{"minecraft:smithing_table":1,"minecraft:lead":1,"minecraft:enchanted_book":1,"minecraft:string":212,"minecraft:raw_copper":20,"alexsmobs:dropbear_claw":4,"alexsmobs:banana":1,"minecraft:cobbled_deepslate":211,"alexsmobs:raccoon_tail":1,"minecraft:melon_slice":18,"minecraft:furnace":7,"minecraft:stick":30,"minecraft:birch_trapdoor":2,"minecraft:big_dripleaf":3,"minecraft:oak_fence":13,"minecraft:torch":35,"minecraft:porkchop":23,"tombstone:grave_dust":18,"minecraft:diorite":126,"alexsmobs:centipede_leg":12,"minecraft:rotten_flesh":60,"biomesoplenty:rose_quartz_chunk":2,"minecraft:tropical_fish":86,"biomesoplenty:mahogany_sapling":1,"minecraft:cod":6,"alexsmobs:flying_fish":2,"minecraft:cobblestone":1181,"minecraft:birch_log":65,"minecraft:cooked_beef":1,"minecraft:feather":3,"minecraft:lilac":5,"minecraft:andesite":161,"minecraft:jungle_log":9,"minecraft:jungle_wood":12,"minecraft:smoker":3,"alexsmobs:bear_fur":2,"alexsmobs:bison_fur":4,"minecraft:flint":1,"minecraft:tuff":3,"biomesoplenty:mahogany_boat":10,"minecraft:lapis_lazuli":161,"minecraft:dirt":1043,"minecraft:bone":47,"minecraft:stonecutter":3,"minecraft:bow":1,"minecraft:wheat_seeds":12,"minecraft:raw_gold":10,"minecraft:pitcher_pod":4,"minecraft:moss_block":24,"minecraft:oak_planks":130,"biomesoplenty:mahogany_planks":15,"biomesoplenty:mahogany_sign":7,"minecraft:sand":105,"minecraft:jungle_planks":10,"minecraft:ink_sac":3,"alexsmobs:animal_dictionary":1,"minecraft:bundle":1,"minecraft:yellow_carpet":6,"minecraft:lever":2,"minecraft:granite":219,"minecraft:bone_meal":6,"minecraft:emerald":4,"biomesoplenty:pink_daffodil":2,"minecraft:oak_sapling":21,"minecraft:cocoa_beans":6,"minecraft:coarse_dirt":1,"minecraft:crafting_table":29,"minecraft:chicken":2,"minecraft:oak_trapdoor":6,"minecraft:moss_carpet":12,"minecraft:flint_and_steel":1,"minecraft:beef":33,"alexsmobs:elastic_tendon":2,"minecraft:jungle_sapling":2,"minecraft:birch_sapling":17,"minecraft:chest":4,"minecraft:raw_iron":224,"minecraft:stone_button":3,"minecraft:carrot":656,"minecraft:redstone":67,"minecraft:dark_oak_planks":14,"minecraft:tnt":9,"minecraft:arrow":14,"minecraft:shears":1,"minecraft:hay_block":33,"alexscaves:spelunkery_table":3,"tombstone:essence_of_undeath":2,"minecraft:glow_berries":11,"minecraft:mutton":1,"minecraft:bone_block":17,"minecraft:rail":47,"minecraft:white_wool":1,"minecraft:stripped_oak_log":3,"minecraft:glow_ink_sac":21,"minecraft:tripwire_hook":3,"minecraft:leather":2,"minecraft:filled_map":1,"minecraft:oak_log":179,"minecraft:yellow_bed":4,"minecraft:paper":24,"biomesoplenty:glowing_moss_carpet":7,"minecraft:kelp":2,"alexsmobs:cockroach_wing_fragment":1,"biomesoplenty:glowworm_silk":1,"minecraft:iron_ingot":4,"minecraft:oak_fence_gate":9,"minecraft:stone_pickaxe":1,"tombstone:bag_of_seeds":1,"minecraft:flowering_azalea":1,"minecraft:soul_sand":29,"minecraft:oak_slab":4,"minecraft:smooth_basalt":3,"minecraft:torchflower_seeds":1,"minecraft:spyglass":1,"minecraft:gravel":15,"minecraft:amethyst_shard":4,"minecraft:blast_furnace":2,"minecraft:white_bed":3,"biomesoplenty:glowing_moss_block":3,"minecraft:spider_eye":23,"travelersbackpack:standard":9,"biomesoplenty:mahogany_log":54,"minecraft:stone_axe":2,"minecraft:oak_button":1,"tombstone:magic_scroll":2,"minecraft:coal":87,"minecraft:hopper":3},"minecraft:broken":{"minecraft:iron_shovel":4,"minecraft:iron_boots":1,"minecraft:stone_pickaxe":2,"minecraft:chainmail_chestplate":1,"minecraft:stone_axe":2,"minecraft:iron_sword":1,"minecraft:stone_sword":3,"minecraft:flint_and_steel":1,"minecraft:stone_hoe":3,"minecraft:shield":3,"minecraft:iron_axe":1,"minecraft:iron_pickaxe":6,"minecraft:iron_helmet":2},"minecraft:killed":{"dungeonsweaponry:wraith":1,"minecraft:cave_spider":225,"minecraft:spider":4,"dungeonsweaponry:enchanter":2,"alexsmobs:murmur":1,"minecraft:cod":7,"minecraft:skeleton":25,"minecraft:chicken":3,"alexsmobs:centipede_head":11,"minecraft:pig":10,"alexsmobs:grizzly_bear":2,"minecraft:zombie_villager":2,"minecraft:creeper":3,"minecraft:sheep":1,"minecraft:zombie":49,"alexsmobs:terrapin":1,"minecraft:cow":2,"alexsmobs:dropbear":3,"alexsmobs:raccoon":1,"alexsmobs:seagull":1,"alexsmobs:bison":5,"alexsmobs:flying_fish":5,"minecraft:husk":1,"minecraft:squid":2,"alexsmobs:cockroach":1,"minecraft:enderman":2},"minecraft:crafted":{"minecraft:oak_planks":332,"minecraft:oak_sign":6,"minecraft:stone":10,"minecraft:lever":1,"minecraft:glass":103,"minecraft:hopper":6,"minecraft:iron_boots":2,"minecraft:chest":16,"minecraft:oak_button":1,"minecraft:stone_hoe":5,"minecraft:oak_fence":3,"minecraft:smoker":1,"minecraft:oak_slab":48,"minecraft:cooked_porkchop":20,"minecraft:crafting_table":9,"minecraft:wooden_pickaxe":1,"minecraft:iron_helmet":2,"dungeonsweaponry:cutlass":1,"minecraft:copper_ingot":2,"minecraft:birch_planks":8,"minecraft:iron_chestplate":1,"minecraft:wooden_hoe":1,"minecraft:shield":4,"minecraft:stick":184,"minecraft:iron_ingot":151,"minecraft:iron_pickaxe":7,"biomesoplenty:mahogany_boat":1,"minecraft:stone_sword":4,"minecraft:gold_ingot":10,"minecraft:shears":1,"biomesoplenty:mahogany_sign":3,"minecraft:tripwire_hook":2,"minecraft:spyglass":1,"biomesoplenty:mahogany_planks":216,"minecraft:furnace":6,"minecraft:stone_button":1,"minecraft:bone_meal":201,"minecraft:white_carpet":6,"minecraft:oak_trapdoor":10,"minecraft:flint_and_steel":1,"travelersbackpack:white_sleeping_bag":1,"minecraft:iron_axe":2,"minecraft:stone_pickaxe":5,"alexsmobs:flying_fish_boots":1,"alexsmobs:centipede_leggings":1,"minecraft:wheat":180,"minecraft:cooked_beef":18,"minecraft:coal_block":1,"minecraft:cooked_cod":6,"travelersbackpack:backpack_tank":2,"minecraft:stone_axe":2,"minecraft:jungle_planks":84,"minecraft:air":0,"minecraft:bread":58,"minecraft:oak_fence_gate":23,"minecraft:white_wool":69,"minecraft:birch_trapdoor":2,"minecraft:iron_shovel":5,"minecraft:stonecutter":3,"minecraft:white_bed":6,"minecraft:torch":160},"minecraft:custom":{"minecraft:animals_bred":2,"minecraft:interact_with_crafting_table":127,"minecraft:open_barrel":26,"minecraft:bell_ring":1,"minecraft:leave_game":18,"minecraft:time_since_death":49826,"minecraft:sprint_one_cm":1133412,"minecraft:damage_blocked_by_shield":9690,"minecraft:drop":181,"minecraft:talked_to_villager":8,"minecraft:play_time":819090,"minecraft:deaths":53,"minecraft:jump":9579,"minecraft:walk_on_water_one_cm":306445,"minecraft:interact_with_furnace":53,"minecraft:interact_with_loom":15,"minecraft:sleep_in_bed":10,"minecraft:damage_dealt":47201,"minecraft:crouch_one_cm":123881,"tombstone:undead_killed":78,"minecraft:interact_with_smoker":14,"minecraft:horse_one_cm":1873892,"minecraft:mob_kills":371,"minecraft:inspect_hopper":10,"minecraft:climb_one_cm":6060,"minecraft:walk_one_cm":1707439,"minecraft:damage_dealt_absorbed":119,"minecraft:sneak_time":54686,"minecraft:walk_under_water_one_cm":175794,"minecraft:boat_one_cm":145140,"minecraft:interact_with_blast_furnace":17,"minecraft:total_world_time":819090,"minecraft:interact_with_stonecutter":1,"minecraft:time_since_rest":17440,"minecraft:damage_taken":21676,"minecraft:damage_absorbed":40,"minecraft:swim_one_cm":89858,"minecraft:fly_one_cm":1401560,"minecraft:open_chest":157,"minecraft:fall_one_cm":181685},"minecraft:used":{"minecraft:iron_shovel":1049,"minecraft:oak_sign":3,"minecraft:chest":14,"biomesoplenty:mahogany_leaves":2,"minecraft:shield":206,"minecraft:iron_sword":410,"minecraft:soul_sand":3,"minecraft:jungle_planks":94,"minecraft:carrot":404,"minecraft:tuff":3,"minecraft:glass":37,"minecraft:lava_bucket":10,"minecraft:birch_trapdoor":4,"minecraft:bow":5,"minecraft:furnace":11,"minecraft:cooked_cod":6,"minecraft:oak_planks":57,"minecraft:stone_pickaxe":366,"minecraft:wooden_pickaxe":23,"dungeonsweaponry:cutlass":238,"minecraft:golden_apple":1,"minecraft:glow_berries":8,"minecraft:pitcher_pod":9,"alexscaves:cave_book":4,"minecraft:blast_furnace":2,"minecraft:shears":54,"minecraft:lever":2,"minecraft:melon_slice":18,"minecraft:bread":67,"minecraft:stone_button":2,"minecraft:string":119,"tombstone:grave_key":3,"biomesoplenty:glowing_moss_carpet":1,"minecraft:torchflower_seeds":3,"minecraft:smithing_table":1,"minecraft:andesite":34,"minecraft:coarse_dirt":1,"minecraft:bone_meal":203,"minecraft:oak_fence":1,"biomesoplenty:mahogany_planks":146,"minecraft:oak_trapdoor":12,"minecraft:stone_sword":469,"minecraft:flint_and_steel":79,"minecraft:tropical_fish":45,"biomesoplenty:glowing_moss_block":1,"minecraft:stone_hoe":500,"minecraft:torch":191,"minecraft:dirt":440,"minecraft:spyglass":12,"minecraft:white_carpet":4,"minecraft:hopper":9,"minecraft:yellow_carpet":6,"minecraft:granite":137,"minecraft:oak_fence_gate":32,"minecraft:flowering_azalea":1,"minecraft:iron_axe":344,"minecraft:smooth_basalt":3,"alexscaves:spelunkery_table":2,"minecraft:tripwire_hook":2,"biomesoplenty:glowworm_silk":1,"tombstone:gift":7,"alexsmobs:banana":1,"minecraft:cooked_beef":8,"minecraft:cobbled_deepslate":108,"minecraft:water_bucket":107,"minecraft:stonecutter":7,"minecraft:oak_slab":31,"minecraft:crafting_table":33,"minecraft:white_bed":9,"minecraft:smoker":4,"tombstone:bag_of_seeds":2,"minecraft:wooden_hoe":16,"minecraft:oak_button":1,"minecraft:iron_pickaxe":1561,"travelersbackpack:white_sleeping_bag":1,"biomesoplenty:mahogany_sign":9,"biomesoplenty:mahogany_boat":9,"minecraft:stone_axe":251,"minecraft:cobblestone":328,"travelersbackpack:standard":5,"minecraft:cooked_porkchop":20,"minecraft:bucket":117,"minecraft:yellow_bed":3}},"DataVersion":3465}