{"stats":{"minecraft:killed_by":{"minecraft:wither_skeleton":1,"minecraft:creeper":1,"minecraft:zombie":2,"alexsmobs:grizzly_bear":2,"mythicmounts:dragon":3,"minecraft:spider":1,"alexsmobs:centipede_head":16},"minecraft:dropped":{"minecraft:moss_block":12,"biomesoplenty:pink_daffodil":2,"minecraft:cooked_beef":4,"minecraft:crafting_table":1,"biomesoplenty:mahogany_planks":6,"alexsmobs:bison_fur":4,"minecraft:dirt":2,"minecraft:stone_button":2,"minecraft:mutton":1,"minecraft:bone_meal":1,"minecraft:dark_oak_planks":14,"alexsmobs:raccoon_tail":1,"minecraft:gold_ingot":7,"minecraft:bone":13,"minecraft:stone_axe":2,"minecraft:lever":1,"minecraft:cobbled_deepslate":12,"tombstone:gift":1,"minecraft:rotten_flesh":22,"minecraft:leather_chestplate":1,"minecraft:leather_leggings":1,"minecraft:beef":2,"minecraft:iron_ingot":3,"minecraft:oak_slab":2,"minecraft:wheat_seeds":7,"minecraft:lilac":1,"minecraft:tnt":3,"biomesoplenty:mahogany_leaves":1,"minecraft:oak_fence":2,"minecraft:feather":3,"minecraft:tropical_fish":20,"biomesoplenty:mahogany_sign":1,"minecraft:stick":6,"minecraft:wooden_hoe":1,"tombstone:grave_key":1,"tombstone:grave_dust":11,"minecraft:string":5,"minecraft:paper":12,"minecraft:tripwire_hook":3,"minecraft:moss_carpet":10,"minecraft:kelp":2,"minecraft:oak_trapdoor":2,"minecraft:chicken":2,"minecraft:big_dripleaf":3,"minecraft:oak_button":1,"minecraft:oak_sapling":4,"minecraft:spider_eye":2,"minecraft:stone_pickaxe":2,"minecraft:wooden_pickaxe":1},"minecraft:mined":{"minecraft:dark_oak_planks":16,"minecraft:large_amethyst_bud":2,"minecraft:white_bed":2,"minecraft:jungle_leaves":16,"minecraft:cave_vines_plant":1,"minecraft:grass_block":405,"minecraft:yellow_carpet":6,"minecraft:jungle_log":9,"minecraft:iron_ore":23,"minecraft:cobbled_deepslate":18,"minecraft:fire":1,"minecraft:moss_carpet":4,"minecraft:deepslate_lapis_ore":3,"minecraft:cave_vines":2,"minecraft:dirt_path":2,"biomesoplenty:webbing":1,"minecraft:tripwire":56,"minecraft:kelp_plant":4,"minecraft:smoker":3,"minecraft:amethyst_cluster":1,"minecraft:torch":1,"minecraft:blast_furnace":2,"minecraft:melon":4,"minecraft:chest":2,"minecraft:cobblestone":4,"minecraft:oak_planks":51,"minecraft:wall_torch":7,"minecraft:jungle_wood":12,"biomesoplenty:glowworm_silk_strand":2,"minecraft:tnt":3,"minecraft:grass":55,"minecraft:oak_log":78,"minecraft:dirt":262,"minecraft:smooth_basalt":3,"minecraft:oak_leaves":102,"minecraft:deepslate":27,"biomesoplenty:reed":1,"alexscaves:spelunkery_table":3,"minecraft:lever":1,"minecraft:stone_button":1,"biomesoplenty:bush":7,"minecraft:allium":1,"minecraft:jungle_planks":10,"minecraft:moss_block":13,"minecraft:large_fern":2,"minecraft:hay_block":14,"minecraft:oak_trapdoor":2,"minecraft:furnace":4,"minecraft:carrots":6,"biomesoplenty:mahogany_leaves":7,"biomesoplenty:high_grass":12,"minecraft:deepslate_iron_ore":13,"minecraft:vine":2,"minecraft:stripped_oak_log":2,"minecraft:stone":87,"minecraft:bone_block":18,"minecraft:oak_slab":6,"minecraft:flowering_azalea":1,"travelersbackpack:standard":6,"minecraft:oak_fence":1,"minecraft:crafting_table":15,"biomesoplenty:mahogany_planks":10,"biomesoplenty:high_grass_plant":18,"minecraft:tall_grass":8,"minecraft:copper_ore":6,"minecraft:diorite":21,"minecraft:big_dripleaf":1,"minecraft:coarse_dirt":1,"biomesoplenty:mahogany_log":62,"biomesoplenty:pink_daffodil":1,"minecraft:yellow_bed":4,"minecraft:coal_ore":27,"minecraft:cocoa":1,"minecraft:cobweb":5,"minecraft:oak_button":1,"minecraft:fern":19},"minecraft:picked_up":{"minecraft:lead":1,"minecraft:enchanted_book":1,"minecraft:string":141,"minecraft:raw_copper":20,"alexsmobs:banana":1,"minecraft:cobbled_deepslate":93,"alexsmobs:raccoon_tail":1,"minecraft:melon_slice":18,"minecraft:furnace":4,"minecraft:stick":16,"minecraft:big_dripleaf":3,"minecraft:oak_fence":2,"minecraft:torch":8,"minecraft:porkchop":23,"tombstone:grave_dust":15,"minecraft:diorite":14,"alexsmobs:centipede_leg":12,"minecraft:rotten_flesh":48,"minecraft:tropical_fish":79,"biomesoplenty:mahogany_sapling":1,"minecraft:cobblestone":87,"minecraft:cod":6,"alexsmobs:flying_fish":2,"minecraft:cooked_beef":1,"minecraft:feather":3,"minecraft:lilac":1,"minecraft:jungle_log":9,"minecraft:jungle_wood":12,"minecraft:smoker":3,"alexsmobs:bison_fur":4,"alexsmobs:bear_fur":2,"biomesoplenty:mahogany_boat":9,"minecraft:tuff":1,"minecraft:lapis_lazuli":28,"minecraft:dirt":610,"minecraft:bone":41,"minecraft:wheat_seeds":9,"minecraft:moss_block":24,"minecraft:oak_planks":51,"biomesoplenty:mahogany_planks":10,"biomesoplenty:mahogany_sign":7,"minecraft:jungle_planks":10,"minecraft:ink_sac":2,"alexsmobs:animal_dictionary":1,"minecraft:bundle":1,"minecraft:yellow_carpet":6,"minecraft:lever":2,"minecraft:bone_meal":6,"minecraft:emerald":4,"biomesoplenty:pink_daffodil":2,"minecraft:oak_sapling":11,"minecraft:coarse_dirt":1,"minecraft:cocoa_beans":6,"minecraft:crafting_table":16,"minecraft:chicken":2,"minecraft:oak_trapdoor":2,"minecraft:moss_carpet":12,"minecraft:flint_and_steel":1,"minecraft:beef":31,"alexsmobs:elastic_tendon":2,"minecraft:jungle_sapling":2,"minecraft:chest":2,"minecraft:raw_iron":65,"minecraft:stone_button":3,"minecraft:carrot":339,"minecraft:dark_oak_planks":14,"minecraft:tnt":9,"minecraft:arrow":6,"minecraft:hay_block":26,"alexscaves:spelunkery_table":3,"minecraft:glow_berries":11,"minecraft:mutton":1,"minecraft:bone_block":17,"minecraft:white_wool":1,"minecraft:stripped_oak_log":3,"minecraft:glow_ink_sac":13,"minecraft:tripwire_hook":3,"minecraft:oak_log":96,"minecraft:yellow_bed":4,"minecraft:paper":24,"minecraft:kelp":2,"minecraft:iron_ingot":4,"minecraft:stone_pickaxe":1,"minecraft:flowering_azalea":1,"minecraft:oak_slab":2,"minecraft:smooth_basalt":3,"minecraft:spyglass":1,"minecraft:amethyst_shard":4,"minecraft:blast_furnace":2,"minecraft:white_bed":2,"minecraft:spider_eye":2,"travelersbackpack:standard":7,"biomesoplenty:mahogany_log":54,"minecraft:stone_axe":2,"minecraft:oak_button":1,"tombstone:magic_scroll":2,"minecraft:coal":44},"minecraft:broken":{"minecraft:iron_shovel":2,"minecraft:chainmail_chestplate":1,"minecraft:stone_axe":2,"minecraft:iron_sword":1,"minecraft:stone_hoe":3,"minecraft:shield":3,"minecraft:iron_helmet":1},"minecraft:killed":{"dungeonsweaponry:wraith":1,"minecraft:spider":2,"dungeonsweaponry:enchanter":2,"alexsmobs:murmur":1,"minecraft:cod":7,"minecraft:skeleton":16,"minecraft:chicken":3,"alexsmobs:centipede_head":9,"minecraft:pig":10,"alexsmobs:grizzly_bear":2,"minecraft:zombie_villager":1,"minecraft:creeper":1,"minecraft:sheep":1,"minecraft:zombie":42,"alexsmobs:terrapin":1,"minecraft:cow":1,"alexsmobs:raccoon":1,"alexsmobs:seagull":1,"alexsmobs:bison":5,"alexsmobs:flying_fish":5,"minecraft:husk":1,"minecraft:squid":1,"minecraft:enderman":2},"minecraft:crafted":{"minecraft:oak_planks":124,"minecraft:stone":1,"minecraft:lever":1,"minecraft:iron_boots":1,"minecraft:chest":6,"minecraft:oak_button":1,"minecraft:stone_hoe":4,"minecraft:smoker":1,"minecraft:oak_slab":6,"minecraft:cooked_porkchop":20,"minecraft:crafting_table":4,"minecraft:wooden_pickaxe":1,"minecraft:iron_helmet":1,"dungeonsweaponry:cutlass":1,"minecraft:copper_ingot":2,"minecraft:wooden_hoe":1,"minecraft:shield":3,"minecraft:stick":36,"minecraft:iron_ingot":47,"minecraft:iron_pickaxe":1,"biomesoplenty:mahogany_boat":1,"minecraft:shears":1,"biomesoplenty:mahogany_sign":3,"minecraft:tripwire_hook":2,"minecraft:spyglass":1,"biomesoplenty:mahogany_planks":216,"minecraft:furnace":5,"minecraft:stone_button":1,"minecraft:bone_meal":195,"minecraft:oak_trapdoor":2,"minecraft:iron_axe":1,"minecraft:stone_pickaxe":1,"alexsmobs:flying_fish_boots":1,"alexsmobs:centipede_leggings":1,"minecraft:wheat":117,"minecraft:cooked_beef":18,"minecraft:cooked_cod":6,"minecraft:stone_axe":2,"minecraft:bread":39,"minecraft:air":0,"minecraft:jungle_planks":84,"minecraft:white_wool":3,"minecraft:iron_shovel":3,"minecraft:white_bed":1,"minecraft:torch":68},"minecraft:custom":{"minecraft:interact_with_crafting_table":58,"minecraft:open_barrel":26,"minecraft:bell_ring":1,"minecraft:leave_game":10,"minecraft:time_since_death":350,"minecraft:sprint_one_cm":661413,"minecraft:damage_blocked_by_shield":7310,"minecraft:drop":91,"minecraft:talked_to_villager":7,"minecraft:play_time":450616,"minecraft:deaths":33,"minecraft:jump":5495,"minecraft:walk_on_water_one_cm":186623,"minecraft:interact_with_furnace":25,"minecraft:interact_with_loom":15,"minecraft:sleep_in_bed":6,"minecraft:damage_dealt":21808,"minecraft:crouch_one_cm":50632,"tombstone:undead_killed":61,"minecraft:interact_with_smoker":13,"minecraft:horse_one_cm":958610,"minecraft:mob_kills":117,"minecraft:climb_one_cm":6060,"minecraft:walk_one_cm":884836,"minecraft:damage_dealt_absorbed":119,"minecraft:sneak_time":19861,"minecraft:walk_under_water_one_cm":127034,"minecraft:boat_one_cm":122730,"minecraft:interact_with_blast_furnace":9,"minecraft:total_world_time":450616,"minecraft:time_since_rest":240,"minecraft:damage_taken":14564,"minecraft:damage_absorbed":40,"minecraft:swim_one_cm":85066,"minecraft:fly_one_cm":1021745,"minecraft:open_chest":73,"minecraft:fall_one_cm":137116},"minecraft:used":{"minecraft:iron_shovel":630,"minecraft:chest":6,"biomesoplenty:mahogany_leaves":2,"minecraft:shield":145,"minecraft:iron_sword":410,"minecraft:jungle_planks":94,"minecraft:carrot":370,"minecraft:tuff":3,"minecraft:furnace":7,"minecraft:cooked_cod":6,"minecraft:stone_pickaxe":88,"minecraft:oak_planks":52,"minecraft:wooden_pickaxe":23,"dungeonsweaponry:cutlass":75,"minecraft:golden_apple":1,"minecraft:glow_berries":2,"alexscaves:cave_book":4,"minecraft:blast_furnace":2,"minecraft:shears":54,"minecraft:lever":2,"minecraft:bread":23,"minecraft:melon_slice":18,"minecraft:string":119,"minecraft:stone_button":2,"minecraft:coarse_dirt":1,"minecraft:bone_meal":197,"minecraft:oak_trapdoor":2,"biomesoplenty:mahogany_planks":146,"minecraft:tropical_fish":43,"minecraft:stone_hoe":417,"minecraft:torch":64,"minecraft:dirt":167,"minecraft:spyglass":6,"minecraft:yellow_carpet":6,"minecraft:flowering_azalea":1,"minecraft:iron_axe":64,"minecraft:smooth_basalt":3,"alexscaves:spelunkery_table":2,"minecraft:tripwire_hook":2,"alexsmobs:banana":1,"tombstone:gift":1,"minecraft:cooked_beef":8,"minecraft:cobbled_deepslate":42,"minecraft:water_bucket":68,"minecraft:oak_slab":6,"minecraft:crafting_table":18,"minecraft:white_bed":3,"minecraft:smoker":4,"minecraft:wooden_hoe":16,"minecraft:oak_button":1,"minecraft:iron_pickaxe":161,"biomesoplenty:mahogany_sign":9,"biomesoplenty:mahogany_boat":8,"minecraft:stone_axe":251,"minecraft:cobblestone":32,"travelersbackpack:standard":1,"minecraft:cooked_porkchop":20,"minecraft:bucket":68,"minecraft:yellow_bed":3}},"DataVersion":3465}