{"stats":{"minecraft:killed_by":{"minecraft:wither_skeleton":1,"minecraft:creeper":2,"minecraft:zombie":2,"alexsmobs:grizzly_bear":2,"mythicmounts:dragon":11,"minecraft:spider":1,"alexsmobs:centipede_head":17},"minecraft:dropped":{"minecraft:moss_block":12,"biomesoplenty:pink_daffodil":2,"minecraft:cooked_beef":4,"minecraft:glow_ink_sac":9,"minecraft:crafting_table":1,"biomesoplenty:mahogany_planks":6,"alexsmobs:bison_fur":4,"minecraft:dirt":2,"minecraft:stone_button":2,"minecraft:mutton":1,"minecraft:bone_meal":1,"minecraft:dark_oak_planks":14,"alexsmobs:raccoon_tail":1,"minecraft:gold_ingot":7,"minecraft:bone":15,"minecraft:stone_axe":2,"minecraft:lever":1,"minecraft:cobbled_deepslate":17,"tombstone:gift":1,"minecraft:rotten_flesh":24,"minecraft:leather_chestplate":1,"minecraft:leather_leggings":1,"minecraft:arrow":1,"minecraft:beef":2,"minecraft:iron_ingot":3,"minecraft:oak_slab":2,"minecraft:wheat_seeds":7,"minecraft:lilac":4,"minecraft:tnt":3,"biomesoplenty:mahogany_leaves":1,"minecraft:oak_fence":2,"minecraft:feather":3,"minecraft:tropical_fish":26,"biomesoplenty:mahogany_sign":1,"minecraft:stick":6,"minecraft:wooden_hoe":1,"tombstone:grave_key":1,"tombstone:grave_dust":11,"minecraft:string":5,"minecraft:paper":12,"minecraft:tripwire_hook":3,"minecraft:moss_carpet":10,"minecraft:kelp":2,"minecraft:oak_trapdoor":2,"minecraft:chicken":2,"minecraft:big_dripleaf":3,"minecraft:oak_button":1,"minecraft:oak_sapling":4,"minecraft:spider_eye":2,"minecraft:stone_pickaxe":2,"minecraft:wooden_pickaxe":1},"minecraft:mined":{"minecraft:dark_oak_planks":16,"minecraft:large_amethyst_bud":2,"minecraft:white_bed":3,"minecraft:jungle_leaves":16,"minecraft:cave_vines_plant":1,"minecraft:grass_block":455,"minecraft:yellow_carpet":6,"minecraft:jungle_log":9,"minecraft:iron_ore":23,"minecraft:cobbled_deepslate":18,"minecraft:fire":1,"minecraft:moss_carpet":4,"minecraft:deepslate_lapis_ore":3,"minecraft:cave_vines":2,"minecraft:dirt_path":2,"biomesoplenty:webbing":1,"minecraft:tripwire":56,"minecraft:kelp_plant":4,"minecraft:smoker":3,"minecraft:amethyst_cluster":1,"minecraft:torch":1,"minecraft:blast_furnace":2,"minecraft:melon":4,"minecraft:chest":4,"minecraft:cobblestone":4,"minecraft:oak_planks":51,"minecraft:wall_torch":7,"minecraft:jungle_wood":12,"biomesoplenty:glowworm_silk_strand":2,"minecraft:lilac":2,"minecraft:tnt":3,"minecraft:grass":62,"minecraft:oak_log":79,"minecraft:oak_fence_gate":1,"minecraft:sand":106,"minecraft:dirt":424,"minecraft:smooth_basalt":3,"minecraft:oak_leaves":122,"minecraft:deepslate":27,"biomesoplenty:reed":1,"alexscaves:spelunkery_table":3,"minecraft:lever":1,"minecraft:stone_button":1,"biomesoplenty:bush":11,"minecraft:allium":1,"minecraft:jungle_planks":10,"minecraft:moss_block":13,"minecraft:large_fern":2,"minecraft:hay_block":21,"minecraft:oak_trapdoor":2,"minecraft:furnace":4,"minecraft:carrots":6,"biomesoplenty:mahogany_leaves":7,"biomesoplenty:high_grass":12,"minecraft:deepslate_iron_ore":13,"minecraft:vine":2,"minecraft:stripped_oak_log":2,"minecraft:stone":180,"minecraft:bone_block":18,"minecraft:oak_slab":6,"minecraft:flowering_azalea":1,"travelersbackpack:standard":6,"minecraft:oak_fence":1,"minecraft:crafting_table":18,"biomesoplenty:mahogany_planks":10,"biomesoplenty:high_grass_plant":18,"minecraft:tall_grass":8,"minecraft:copper_ore":6,"minecraft:diorite":114,"minecraft:big_dripleaf":1,"minecraft:coarse_dirt":1,"biomesoplenty:mahogany_log":62,"biomesoplenty:pink_daffodil":1,"minecraft:yellow_bed":4,"minecraft:coal_ore":27,"minecraft:cocoa":1,"minecraft:cobweb":5,"minecraft:oak_button":1,"minecraft:fern":19},"minecraft:picked_up":{"minecraft:lead":1,"minecraft:enchanted_book":1,"minecraft:string":141,"minecraft:raw_copper":20,"alexsmobs:banana":1,"minecraft:cobbled_deepslate":98,"alexsmobs:raccoon_tail":1,"minecraft:melon_slice":18,"minecraft:furnace":4,"minecraft:stick":17,"minecraft:big_dripleaf":3,"minecraft:oak_fence":2,"minecraft:torch":10,"minecraft:porkchop":23,"tombstone:grave_dust":17,"minecraft:diorite":87,"alexsmobs:centipede_leg":12,"minecraft:rotten_flesh":52,"minecraft:tropical_fish":86,"biomesoplenty:mahogany_sapling":1,"minecraft:cod":6,"alexsmobs:flying_fish":2,"minecraft:cobblestone":178,"minecraft:cooked_beef":1,"minecraft:feather":3,"minecraft:lilac":5,"minecraft:jungle_log":9,"minecraft:jungle_wood":12,"minecraft:smoker":3,"alexsmobs:bison_fur":4,"alexsmobs:bear_fur":2,"minecraft:tuff":1,"biomesoplenty:mahogany_boat":9,"minecraft:lapis_lazuli":28,"minecraft:dirt":818,"minecraft:bone":43,"minecraft:wheat_seeds":10,"minecraft:moss_block":24,"minecraft:oak_planks":51,"biomesoplenty:mahogany_planks":10,"biomesoplenty:mahogany_sign":7,"minecraft:sand":105,"minecraft:jungle_planks":10,"minecraft:ink_sac":2,"alexsmobs:animal_dictionary":1,"minecraft:bundle":1,"minecraft:yellow_carpet":6,"minecraft:lever":2,"minecraft:bone_meal":6,"minecraft:emerald":4,"biomesoplenty:pink_daffodil":2,"minecraft:oak_sapling":11,"minecraft:cocoa_beans":6,"minecraft:crafting_table":18,"minecraft:coarse_dirt":1,"minecraft:chicken":2,"minecraft:oak_trapdoor":2,"minecraft:moss_carpet":12,"minecraft:flint_and_steel":1,"minecraft:beef":31,"alexsmobs:elastic_tendon":2,"minecraft:jungle_sapling":2,"minecraft:chest":4,"minecraft:raw_iron":65,"minecraft:stone_button":3,"minecraft:carrot":345,"minecraft:dark_oak_planks":14,"minecraft:tnt":9,"minecraft:arrow":8,"minecraft:hay_block":33,"alexscaves:spelunkery_table":3,"minecraft:glow_berries":11,"minecraft:mutton":1,"minecraft:white_wool":1,"minecraft:bone_block":17,"minecraft:stripped_oak_log":3,"minecraft:tripwire_hook":3,"minecraft:glow_ink_sac":20,"minecraft:oak_log":97,"minecraft:yellow_bed":4,"minecraft:paper":24,"minecraft:kelp":2,"minecraft:oak_fence_gate":1,"minecraft:iron_ingot":4,"minecraft:stone_pickaxe":1,"minecraft:flowering_azalea":1,"minecraft:oak_slab":2,"minecraft:smooth_basalt":3,"minecraft:spyglass":1,"minecraft:amethyst_shard":4,"minecraft:blast_furnace":2,"minecraft:white_bed":3,"minecraft:spider_eye":2,"travelersbackpack:standard":7,"biomesoplenty:mahogany_log":54,"minecraft:stone_axe":2,"minecraft:oak_button":1,"tombstone:magic_scroll":2,"minecraft:coal":44},"minecraft:broken":{"minecraft:iron_shovel":3,"minecraft:chainmail_chestplate":1,"minecraft:stone_axe":2,"minecraft:iron_sword":1,"minecraft:flint_and_steel":1,"minecraft:stone_hoe":3,"minecraft:shield":3,"minecraft:iron_pickaxe":1,"minecraft:iron_helmet":1},"minecraft:killed":{"dungeonsweaponry:wraith":1,"minecraft:spider":2,"dungeonsweaponry:enchanter":2,"alexsmobs:murmur":1,"minecraft:cod":7,"minecraft:skeleton":17,"minecraft:chicken":3,"alexsmobs:centipede_head":10,"minecraft:pig":10,"alexsmobs:grizzly_bear":2,"minecraft:zombie_villager":1,"minecraft:creeper":1,"minecraft:sheep":1,"minecraft:zombie":46,"alexsmobs:terrapin":1,"minecraft:cow":1,"alexsmobs:raccoon":1,"alexsmobs:seagull":1,"alexsmobs:bison":5,"alexsmobs:flying_fish":5,"minecraft:husk":1,"minecraft:squid":1,"minecraft:enderman":2},"minecraft:crafted":{"minecraft:oak_planks":212,"minecraft:oak_sign":3,"minecraft:stone":1,"minecraft:lever":1,"minecraft:iron_boots":2,"minecraft:chest":8,"minecraft:oak_button":1,"minecraft:stone_hoe":4,"minecraft:smoker":1,"minecraft:oak_slab":6,"minecraft:cooked_porkchop":20,"minecraft:crafting_table":5,"minecraft:wooden_pickaxe":1,"minecraft:iron_helmet":2,"dungeonsweaponry:cutlass":1,"minecraft:copper_ingot":2,"minecraft:wooden_hoe":1,"minecraft:iron_chestplate":1,"minecraft:shield":4,"minecraft:stick":84,"minecraft:iron_ingot":47,"minecraft:iron_pickaxe":1,"biomesoplenty:mahogany_boat":1,"minecraft:shears":1,"biomesoplenty:mahogany_sign":3,"minecraft:tripwire_hook":2,"minecraft:spyglass":1,"biomesoplenty:mahogany_planks":216,"minecraft:furnace":5,"minecraft:stone_button":1,"minecraft:bone_meal":195,"minecraft:oak_trapdoor":2,"minecraft:iron_axe":1,"minecraft:stone_pickaxe":2,"alexsmobs:flying_fish_boots":1,"alexsmobs:centipede_leggings":1,"minecraft:wheat":117,"minecraft:cooked_beef":18,"minecraft:cooked_cod":6,"minecraft:stone_axe":2,"minecraft:bread":39,"minecraft:air":0,"minecraft:jungle_planks":84,"minecraft:oak_fence_gate":11,"minecraft:white_wool":3,"minecraft:iron_shovel":4,"minecraft:white_bed":1,"minecraft:torch":68},"minecraft:custom":{"minecraft:interact_with_crafting_table":66,"minecraft:open_barrel":26,"minecraft:bell_ring":1,"minecraft:leave_game":11,"minecraft:time_since_death":37005,"minecraft:sprint_one_cm":734163,"minecraft:damage_blocked_by_shield":8230,"minecraft:drop":99,"minecraft:talked_to_villager":7,"minecraft:play_time":503463,"minecraft:deaths":43,"minecraft:jump":6148,"minecraft:walk_on_water_one_cm":256628,"minecraft:interact_with_furnace":28,"minecraft:interact_with_loom":15,"minecraft:sleep_in_bed":6,"minecraft:damage_dealt":22872,"minecraft:crouch_one_cm":58873,"tombstone:undead_killed":66,"minecraft:interact_with_smoker":13,"minecraft:horse_one_cm":1369730,"minecraft:mob_kills":123,"minecraft:climb_one_cm":6060,"minecraft:walk_one_cm":1003348,"minecraft:damage_dealt_absorbed":119,"minecraft:sneak_time":22788,"minecraft:walk_under_water_one_cm":148585,"minecraft:boat_one_cm":122730,"minecraft:interact_with_blast_furnace":11,"minecraft:total_world_time":503463,"minecraft:time_since_rest":36366,"minecraft:damage_taken":17735,"minecraft:damage_absorbed":40,"minecraft:swim_one_cm":88347,"minecraft:fly_one_cm":1147195,"minecraft:open_chest":90,"minecraft:fall_one_cm":142852},"minecraft:used":{"minecraft:iron_shovel":949,"minecraft:oak_sign":2,"minecraft:chest":12,"biomesoplenty:mahogany_leaves":2,"minecraft:shield":156,"minecraft:iron_sword":410,"minecraft:jungle_planks":94,"minecraft:carrot":374,"minecraft:tuff":3,"minecraft:furnace":7,"minecraft:cooked_cod":6,"minecraft:oak_planks":52,"minecraft:stone_pickaxe":182,"minecraft:wooden_pickaxe":23,"dungeonsweaponry:cutlass":96,"minecraft:golden_apple":1,"minecraft:glow_berries":2,"alexscaves:cave_book":4,"minecraft:blast_furnace":2,"minecraft:shears":54,"minecraft:lever":2,"minecraft:melon_slice":18,"minecraft:bread":35,"minecraft:string":119,"minecraft:stone_button":2,"minecraft:coarse_dirt":1,"minecraft:bone_meal":197,"minecraft:oak_trapdoor":2,"biomesoplenty:mahogany_planks":146,"minecraft:flint_and_steel":64,"minecraft:tropical_fish":45,"minecraft:stone_hoe":462,"minecraft:torch":69,"minecraft:dirt":260,"minecraft:spyglass":6,"minecraft:yellow_carpet":6,"minecraft:oak_fence_gate":12,"minecraft:flowering_azalea":1,"minecraft:iron_axe":72,"minecraft:smooth_basalt":3,"alexscaves:spelunkery_table":2,"minecraft:tripwire_hook":2,"alexsmobs:banana":1,"tombstone:gift":5,"minecraft:cooked_beef":8,"minecraft:cobbled_deepslate":42,"minecraft:water_bucket":68,"minecraft:oak_slab":6,"minecraft:crafting_table":21,"minecraft:white_bed":4,"minecraft:smoker":4,"minecraft:wooden_hoe":16,"minecraft:oak_button":1,"minecraft:iron_pickaxe":253,"biomesoplenty:mahogany_sign":9,"biomesoplenty:mahogany_boat":8,"minecraft:stone_axe":251,"minecraft:cobblestone":32,"travelersbackpack:standard":3,"minecraft:cooked_porkchop":20,"minecraft:bucket":69,"minecraft:yellow_bed":3}},"DataVersion":3465}