{"stats":{"minecraft:killed":{"minecraft:zombie":1,"alexsmobs:bison":1},"minecraft:custom":{"minecraft:time_since_rest":63227,"minecraft:sprint_one_cm":5054,"minecraft:walk_one_cm":38350,"minecraft:mob_kills":3,"minecraft:drop":112,"minecraft:damage_dealt":839,"minecraft:player_kills":1,"minecraft:fly_one_cm":194484,"minecraft:crouch_one_cm":21,"tombstone:undead_killed":1,"minecraft:play_time":63227,"minecraft:sneak_time":459,"minecraft:walk_under_water_one_cm":331,"minecraft:jump":75,"minecraft:eat_cake_slice":3,"minecraft:leave_game":1,"minecraft:time_since_death":63227,"minecraft:walk_on_water_one_cm":21,"minecraft:total_world_time":63227},"minecraft:picked_up":{"minecraft:sandstone":2,"minecraft:sand":23,"minecraft:oak_log":3,"minecraft:spider_eye":1,"minecraft:carrot":1,"minecraft:string":1,"minecraft:dirt":21,"minecraft:rotten_flesh":4,"minecraft:arrow":393,"minecraft:cactus":1,"travelersbackpack:cow":1,"minecraft:enchanted_golden_apple":3,"minecraft:snowball":11,"minecraft:cobblestone":16},"minecraft:used":{"minecraft:glass":21,"alexscaves:thin_bone":6,"minecraft:netherite_sword":12,"alexsmobs:spawn_egg_mungus":1,"alexscaves:spawn_egg_tremorsaurus":9,"alexscaves:radgill_bucket":1,"minecraft:flint_and_steel":2,"alexscaves:spawn_egg_tremorzilla":1,"minecraft:grass_block":2,"minecraft:pig_spawn_egg":7,"dungeonsweaponry:nameless_one_spawn_egg":1,"minecraft:tnt":3,"dungeonsweaponry:enchanter_spawn_egg":1,"dungeonsweaponry:mountaineer_spawn_egg":3,"minecraft:acacia_wood":24,"alexscaves:spawn_egg_nucleeper":1,"minecraft:splash_potion":1,"alexscaves:cooked_dinosaur_chop":3,"alexscaves:spawn_egg_sea_pig":6},"minecraft:dropped":{"travelersbackpack:redstone":1,"minecraft:dirt":7,"travelersbackpack:cow":2,"travelersbackpack:bookshelf":1,"alexscaves:waste_drum":6,"minecraft:oak_log":3,"alexscaves:darkened_apple":1,"minecraft:netherite_sword":1,"travelersbackpack:blaze":1,"travelersbackpack:chicken":1,"minecraft:netherite_boots":1,"minecraft:netherite_chestplate":1,"minecraft:netherite_helmet":1,"minecraft:cobblestone":1,"travelersbackpack:horse":1,"minecraft:enchanted_golden_apple":50,"dungeonsweaponry:sabrewing":1,"minecraft:sandstone":2,"minecraft:sand":23,"minecraft:arrow":457,"minecraft:cactus":1,"travelersbackpack:dragon":1,"minecraft:netherite_leggings":1,"travelersbackpack:creeper":1}},"DataVersion":3465}