{"stats":{"minecraft:killed":{"minecraft:cave_spider":2,"minecraft:pig":6,"alexsmobs:tarantula_hawk":1,"alexsmobs:raccoon":1,"minecraft:spider":1,"minecraft:creeper":1,"minecraft:skeleton":2,"minecraft:pillager":4,"alexscaves:radgill":1,"minecraft:zombie":7,"alexsmobs:terrapin":1,"minecraft:stray":5,"alexsmobs:mungus":1},"minecraft:custom":{"minecraft:interact_with_furnace":1,"minecraft:mob_kills":35,"tombstone:raider_killed":4,"minecraft:eat_cake_slice":1,"minecraft:time_since_death":47,"minecraft:damage_resisted":282,"minecraft:time_since_rest":1,"minecraft:sprint_one_cm":101145,"minecraft:walk_one_cm":268467,"minecraft:damage_taken":3924,"minecraft:damage_absorbed":407,"minecraft:drop":1,"minecraft:damage_dealt":8863,"minecraft:fly_one_cm":61246,"minecraft:open_chest":1,"minecraft:play_time":56163,"tombstone:undead_killed":14,"minecraft:deaths":7,"minecraft:sneak_time":99,"minecraft:jump":674,"minecraft:total_world_time":56163,"minecraft:fall_one_cm":11094},"minecraft:mined":{"biomesoplenty:desert_grass":1,"biomesoplenty:bush":2,"minecraft:grass_block":5,"minecraft:poppy":1,"minecraft:dead_bush":1,"biomesoplenty:dune_grass":2,"biomesoplenty:palm_log":6,"minecraft:ice":1,"minecraft:grass":7,"minecraft:oak_log":4,"minecraft:gravel":1,"minecraft:dirt":5,"minecraft:oak_leaves":1},"minecraft:picked_up":{"alexscaves:darkened_apple":1,"dungeonsweaponry:sabrewing":1,"alexscaves:sea_pig":5,"minecraft:netherite_boots":2,"alexscaves:waste_drum":6,"alexscaves:radgill":1,"travelersbackpack:dragon":1,"minecraft:oak_log":4,"minecraft:netherite_leggings":2,"minecraft:dirt":68,"minecraft:string":3,"travelersbackpack:creeper":1,"travelersbackpack:bookshelf":1,"minecraft:bone":7,"travelersbackpack:cow":1,"travelersbackpack:blaze":1,"travelersbackpack:redstone":1,"travelersbackpack:horse":1,"minecraft:netherite_sword":1,"minecraft:poppy":1,"minecraft:enchanted_golden_apple":107,"minecraft:sugar_cane":2,"minecraft:stick":2,"minecraft:sandstone":4,"minecraft:gravel":1,"minecraft:porkchop":16,"minecraft:sand":20,"tombstone:grave_dust":3,"minecraft:spider_eye":1,"minecraft:bundle":1,"minecraft:arrow":64,"minecraft:rotten_flesh":4,"minecraft:netherite_helmet":2,"biomesoplenty:palm_log":6,"travelersbackpack:chicken":1,"alexsmobs:tarantula_hawk_wing_fragment":2,"minecraft:netherite_chestplate":2,"tombstone:magic_scroll":1,"minecraft:snowball":34,"minecraft:cobblestone":2},"minecraft:used":{"minecraft:netherite_sword":237,"minecraft:netherite_chestplate":2,"minecraft:sandstone":4,"travelersbackpack:dragon":1,"alexscaves:darkened_apple":1,"minecraft:netherite_leggings":2,"minecraft:netherite_helmet":2,"dungeonsweaponry:sabrewing":49,"alexscaves:waste_drum":6,"minecraft:netherite_boots":2,"minecraft:porkchop":12,"alexsmobs:animal_dictionary":2,"minecraft:enchanted_golden_apple":4},"minecraft:dropped":{"alexsmobs:tarantula_hawk_wing_fragment":1},"minecraft:killed_by":{"minecraft:vindicator":2,"alexscaves:tremorsaurus":1,"minecraft:player":1,"dungeonsweaponry:nameless_one":1}},"DataVersion":3465}