{"stats":{"minecraft:killed":{"minecraft:skeleton":2,"alexscaves:radgill":1,"minecraft:zombie":3,"minecraft:pig":6,"alexsmobs:terrapin":1,"minecraft:spider":1,"alexsmobs:mungus":1,"minecraft:creeper":1},"minecraft:custom":{"minecraft:time_since_rest":13098,"minecraft:sprint_one_cm":36352,"minecraft:damage_taken":1068,"minecraft:walk_one_cm":121239,"minecraft:mob_kills":18,"minecraft:damage_dealt":2913,"minecraft:fly_one_cm":30158,"minecraft:play_time":20163,"tombstone:undead_killed":5,"minecraft:deaths":2,"minecraft:sneak_time":41,"minecraft:jump":302,"minecraft:time_since_death":13951,"minecraft:total_world_time":20163,"minecraft:fall_one_cm":5218},"minecraft:mined":{"minecraft:grass":5,"biomesoplenty:bush":2,"minecraft:grass_block":2,"minecraft:oak_log":4,"minecraft:dirt":1,"minecraft:oak_leaves":1},"minecraft:picked_up":{"alexscaves:sea_pig":5,"dungeonsweaponry:sabrewing":1,"minecraft:netherite_boots":1,"minecraft:sandstone":4,"alexscaves:radgill":1,"minecraft:porkchop":12,"minecraft:sand":20,"minecraft:oak_log":4,"minecraft:netherite_leggings":1,"minecraft:string":2,"minecraft:dirt":9,"minecraft:arrow":60,"minecraft:bone":2,"minecraft:rotten_flesh":3,"minecraft:netherite_helmet":1,"minecraft:netherite_sword":1,"minecraft:netherite_chestplate":1,"minecraft:cobblestone":2},"minecraft:used":{"minecraft:netherite_sword":102,"minecraft:netherite_chestplate":1,"minecraft:sandstone":4,"minecraft:netherite_boots":1,"minecraft:netherite_leggings":1,"minecraft:porkchop":5,"minecraft:netherite_helmet":1,"alexsmobs:animal_dictionary":2,"dungeonsweaponry:sabrewing":31},"minecraft:killed_by":{"alexscaves:tremorsaurus":1}},"DataVersion":3465}