{"stats":{"minecraft:killed":{"minecraft:skeleton":1,"alexsmobs:mungus":1,"alexscaves:radgill":1},"minecraft:custom":{"minecraft:time_since_rest":1098,"tombstone:undead_killed":1,"minecraft:play_time":8163,"minecraft:sprint_one_cm":14358,"minecraft:walk_one_cm":42910,"minecraft:damage_taken":864,"minecraft:deaths":2,"minecraft:mob_kills":3,"minecraft:jump":151,"minecraft:damage_dealt":771,"minecraft:time_since_death":1951,"minecraft:total_world_time":8163,"minecraft:fall_one_cm":2691,"minecraft:fly_one_cm":23185},"minecraft:picked_up":{"dungeonsweaponry:sabrewing":1,"minecraft:netherite_boots":1,"minecraft:sandstone":4,"alexscaves:radgill":1,"minecraft:bone":2,"minecraft:netherite_helmet":1,"minecraft:netherite_sword":1,"minecraft:sand":15,"minecraft:netherite_chestplate":1,"minecraft:netherite_leggings":1,"minecraft:arrow":2},"minecraft:used":{"minecraft:netherite_sword":20,"minecraft:netherite_boots":1,"minecraft:netherite_leggings":1,"minecraft:netherite_chestplate":1,"minecraft:netherite_helmet":1,"alexsmobs:animal_dictionary":2},"minecraft:killed_by":{"alexscaves:tremorsaurus":1}},"DataVersion":3465}