{"stats":{"minecraft:killed":{"minecraft:skeleton":2,"minecraft:pillager":1,"alexscaves:radgill":1,"minecraft:zombie":4,"minecraft:pig":6,"alexsmobs:terrapin":1,"alexsmobs:tarantula_hawk":1,"minecraft:stray":2,"minecraft:spider":1,"alexsmobs:mungus":1,"minecraft:creeper":1},"minecraft:custom":{"minecraft:time_since_rest":5121,"minecraft:damage_absorbed":152,"minecraft:sprint_one_cm":57158,"minecraft:damage_taken":1742,"minecraft:walk_one_cm":178578,"minecraft:mob_kills":23,"tombstone:raider_killed":1,"minecraft:damage_dealt":4732,"minecraft:fly_one_cm":43928,"minecraft:play_time":32163,"tombstone:undead_killed":8,"minecraft:deaths":3,"minecraft:sneak_time":41,"minecraft:jump":447,"minecraft:time_since_death":5583,"minecraft:damage_resisted":42,"minecraft:total_world_time":32163,"minecraft:fall_one_cm":6263},"minecraft:mined":{"biomesoplenty:desert_grass":1,"minecraft:grass":5,"biomesoplenty:bush":2,"minecraft:grass_block":3,"minecraft:oak_log":4,"minecraft:dead_bush":1,"minecraft:dirt":2,"minecraft:oak_leaves":1,"biomesoplenty:dune_grass":2,"biomesoplenty:palm_log":6},"minecraft:picked_up":{"alexscaves:sea_pig":5,"dungeonsweaponry:sabrewing":1,"minecraft:stick":2,"alexscaves:waste_drum":6,"minecraft:netherite_boots":1,"minecraft:sandstone":4,"alexscaves:radgill":1,"minecraft:porkchop":12,"minecraft:sand":20,"minecraft:oak_log":4,"tombstone:grave_dust":1,"minecraft:netherite_leggings":1,"minecraft:string":2,"minecraft:dirt":65,"minecraft:arrow":60,"minecraft:bone":3,"minecraft:rotten_flesh":4,"biomesoplenty:palm_log":6,"minecraft:netherite_helmet":1,"minecraft:netherite_sword":1,"alexsmobs:tarantula_hawk_wing_fragment":1,"tombstone:magic_scroll":1,"minecraft:enchanted_golden_apple":43,"minecraft:netherite_chestplate":1,"minecraft:sugar_cane":2,"minecraft:snowball":22,"minecraft:cobblestone":2,"alexscaves:darkened_apple":1},"minecraft:used":{"minecraft:netherite_sword":155,"minecraft:netherite_chestplate":1,"minecraft:sandstone":4,"alexscaves:darkened_apple":1,"minecraft:netherite_boots":1,"minecraft:netherite_leggings":1,"minecraft:porkchop":12,"minecraft:netherite_helmet":1,"alexsmobs:animal_dictionary":2,"dungeonsweaponry:sabrewing":32,"minecraft:enchanted_golden_apple":1,"alexscaves:waste_drum":6},"minecraft:killed_by":{"alexscaves:tremorsaurus":1,"minecraft:player":1}},"DataVersion":3465}