{"stats":{"minecraft:picked_up":{"minecraft:crafting_table":1,"minecraft:cooked_beef":8,"minecraft:leather":4,"biomesoplenty:fir_log":3,"alexsmobs:bison_fur":1,"minecraft:string":2,"minecraft:shield":1,"minecraft:blue_bed":2,"minecraft:lapis_lazuli":32,"minecraft:dirt":27,"minecraft:red_bed":1,"minecraft:glass":2,"minecraft:bone":8,"minecraft:cyan_wool":24,"minecraft:red_dye":3,"minecraft:kelp":2,"minecraft:beef":7,"minecraft:oak_boat":1,"minecraft:wheat_seeds":3,"biomesoplenty:black_sand":1,"minecraft:iron_ingot":44,"minecraft:spruce_planks":15,"minecraft:rose_bush":2,"minecraft:stripped_oak_wood":9,"minecraft:poppy":3,"minecraft:spruce_slab":1,"minecraft:sugar_cane":5,"minecraft:coal_block":3,"minecraft:birch_sapling":1,"biomesoplenty:mahogany_planks":8,"minecraft:blue_wool":2,"minecraft:stick":2,"minecraft:cooked_porkchop":1,"minecraft:torch":1,"minecraft:spruce_stairs":5,"minecraft:sand":32,"minecraft:porkchop":4,"travelersbackpack:blue_sleeping_bag":1,"minecraft:ink_sac":9,"minecraft:acacia_stairs":1,"minecraft:light_blue_bed":1,"minecraft:spider_eye":1,"biomesoplenty:mahogany_log":6,"minecraft:diamond":20,"minecraft:grass":2,"minecraft:gray_wool":1,"minecraft:oak_sapling":1,"minecraft:coal":3,"minecraft:white_wool":18,"minecraft:cobblestone":19},"minecraft:dropped":{"minecraft:kelp":2,"minecraft:wheat_seeds":1,"minecraft:birch_sapling":1,"biomesoplenty:black_sand":1,"minecraft:acacia_stairs":1,"minecraft:coal":6,"minecraft:dirt":5,"minecraft:shield":1,"minecraft:ink_sac":4,"minecraft:rose_bush":2,"minecraft:oak_sapling":1,"minecraft:glass":2,"minecraft:red_dye":6},"minecraft:mined":{"minecraft:spruce_planks":6,"minecraft:red_bed":1,"minecraft:kelp_plant":1,"biomesoplenty:black_sand":1,"minecraft:cobblestone":1,"minecraft:grass_block":18,"minecraft:poppy":3,"minecraft:rose_bush":1,"biomesoplenty:high_grass_plant":1,"minecraft:coal_block":3,"minecraft:tall_grass":4,"minecraft:birch_slab":1,"biomesoplenty:sprout":1,"minecraft:blue_bed":1,"minecraft:spawner":2,"minecraft:large_fern":2,"minecraft:spruce_stairs":1,"minecraft:gray_wool":1,"minecraft:cyan_wool":24,"minecraft:coarse_dirt":1,"minecraft:light_blue_bed":1,"biomesoplenty:mahogany_log":6,"minecraft:fire":3,"minecraft:stripped_oak_wood":12,"biomesoplenty:fir_log":6,"minecraft:grass":20,"biomesoplenty:high_grass":1,"minecraft:sand":32,"minecraft:dirt":13,"minecraft:stone":15,"minecraft:white_wool":4,"minecraft:fern":10},"minecraft:used":{"minecraft:water_bucket":2,"minecraft:flint_and_steel":19,"minecraft:shield":2,"minecraft:iron_sword":149,"minecraft:blue_bed":2,"minecraft:red_bed":1,"travelersbackpack:blue_sleeping_bag":1,"minecraft:dirt":10,"minecraft:crafting_table":2,"minecraft:spruce_stairs":7,"minecraft:white_bed":1,"minecraft:cyan_wool":1,"minecraft:shears":27,"minecraft:diamond_shovel":51,"minecraft:iron_axe":31,"minecraft:iron_pickaxe":21,"minecraft:diamond_chestplate":1,"minecraft:cobblestone":9,"minecraft:golden_carrot":14,"travelersbackpack:standard":6,"minecraft:furnace":1,"minecraft:porkchop":4,"minecraft:bucket":3,"tombstone:gift":3,"minecraft:oak_boat":1,"alexsmobs:animal_dictionary":3,"minecraft:experience_bottle":1},"minecraft:crafted":{"minecraft:golden_carrot":24,"minecraft:black_dye":1,"minecraft:red_dye":3,"minecraft:coal":9,"minecraft:crafting_table":2,"biomesoplenty:mahogany_planks":24,"travelersbackpack:backpack_tank":4,"travelersbackpack:standard":2,"minecraft:iron_sword":1,"minecraft:blue_bed":1,"minecraft:furnace":1,"travelersbackpack:black_sleeping_bag":1,"travelersbackpack:blue_sleeping_bag":2,"minecraft:bucket":1,"minecraft:diamond_shovel":1,"minecraft:air":0,"biomesoplenty:fir_planks":12,"minecraft:blue_dye":7,"minecraft:glass":28,"minecraft:diamond_pickaxe":1,"minecraft:gold_nugget":126,"minecraft:shield":1,"minecraft:iron_axe":1,"minecraft:stick":12,"minecraft:iron_pickaxe":1,"minecraft:blue_wool":6,"minecraft:chest":2,"minecraft:iron_leggings":1,"minecraft:white_bed":2,"minecraft:shears":1,"minecraft:diamond_chestplate":1},"minecraft:killed":{"minecraft:pig":1,"alexsmobs:skunk":1,"dungeonsweaponry:enchanter":1,"minecraft:squid":2,"minecraft:cow":4},"minecraft:custom":{"minecraft:interact_with_furnace":16,"minecraft:mob_kills":10,"minecraft:interact_with_anvil":7,"minecraft:interact_with_crafting_table":41,"minecraft:open_barrel":8,"minecraft:time_since_death":58739,"minecraft:leave_game":5,"minecraft:sleep_in_bed":4,"minecraft:climb_one_cm":777,"minecraft:time_since_rest":2896,"minecraft:sprint_one_cm":230912,"minecraft:damage_taken":3972,"minecraft:walk_one_cm":134097,"minecraft:damage_blocked_by_shield":300,"minecraft:drop":17,"minecraft:damage_dealt":2212,"minecraft:damage_dealt_absorbed":60,"minecraft:swim_one_cm":86499,"minecraft:fly_one_cm":462242,"minecraft:open_chest":36,"minecraft:crouch_one_cm":15544,"minecraft:play_time":88067,"minecraft:deaths":7,"minecraft:sneak_time":3754,"minecraft:walk_under_water_one_cm":15437,"minecraft:boat_one_cm":108930,"minecraft:jump":1852,"minecraft:walk_on_water_one_cm":20991,"minecraft:total_world_time":88067,"minecraft:fall_one_cm":69754},"minecraft:killed_by":{"minecraft:hoglin":5,"minecraft:wither_skeleton":2}},"DataVersion":3465}