{"stats":{"minecraft:killed":{"alexsmobs:lobster":1,"minecraft:parrot":1},"minecraft:custom":{"minecraft:time_since_rest":17675,"minecraft:interact_with_furnace":1,"minecraft:sprint_one_cm":77289,"minecraft:damage_taken":1500,"minecraft:walk_one_cm":162724,"minecraft:mob_kills":2,"minecraft:drop":2,"minecraft:damage_dealt":129,"minecraft:open_barrel":3,"minecraft:swim_one_cm":342,"minecraft:interact_with_crafting_table":8,"minecraft:fly_one_cm":16454,"minecraft:play_time":65789,"minecraft:deaths":5,"minecraft:walk_under_water_one_cm":4567,"minecraft:boat_one_cm":131612,"minecraft:jump":514,"minecraft:leave_game":1,"minecraft:walk_on_water_one_cm":10845,"minecraft:time_since_death":18614,"minecraft:climb_one_cm":598,"minecraft:total_world_time":65789,"minecraft:fall_one_cm":10728},"minecraft:mined":{"minecraft:dark_oak_planks":1,"minecraft:birch_stairs":2,"minecraft:coarse_dirt":5,"minecraft:jungle_wood":7,"biomesoplenty:mahogany_log":9,"biomesoplenty:pink_daffodil":6,"minecraft:jungle_leaves":25,"minecraft:crafting_table":3,"minecraft:big_dripleaf_stem":1,"minecraft:grass":8,"minecraft:jungle_planks":6,"minecraft:grass_block":10,"biomesoplenty:high_grass":3,"biomesoplenty:mahogany_planks":4,"biomesoplenty:mahogany_leaves":4,"minecraft:lantern":1,"minecraft:sand":15,"minecraft:dirt":5,"biomesoplenty:high_grass_plant":9,"minecraft:stone":11,"minecraft:netherrack":3,"minecraft:bone_block":2,"minecraft:fern":19},"minecraft:picked_up":{"minecraft:stick":1,"minecraft:coarse_dirt":5,"minecraft:crafting_table":3,"minecraft:feather":2,"minecraft:big_dripleaf":2,"minecraft:jungle_wood":7,"minecraft:jungle_planks":6,"minecraft:birch_stairs":2,"minecraft:sand":17,"minecraft:ink_sac":2,"tombstone:grave_dust":1,"minecraft:dirt":27,"minecraft:lantern":1,"minecraft:dark_oak_planks":1,"biomesoplenty:mahogany_log":6,"minecraft:arrow":1,"minecraft:wheat_seeds":6,"biomesoplenty:pink_daffodil":4,"minecraft:netherrack":3,"biomesoplenty:mahogany_planks":4,"minecraft:bone_block":3,"minecraft:cobblestone":11},"minecraft:used":{"minecraft:wooden_pickaxe":24,"minecraft:stone_axe":11,"minecraft:dirt":11,"minecraft:crafting_table":3,"tombstone:gift":2},"minecraft:dropped":{"tombstone:grave_dust":1,"minecraft:stick":1},"minecraft:killed_by":{"minecraft:creeper":1,"minecraft:spider":1,"minecraft:zombie":1},"minecraft:crafted":{"minecraft:crafting_table":1,"minecraft:stick":8,"biomesoplenty:mahogany_planks":16,"minecraft:wooden_pickaxe":1,"minecraft:stone_pickaxe":1,"minecraft:stone_axe":1}},"DataVersion":3465}