{"stats":{"minecraft:picked_up":{"minecraft:cocoa_beans":21,"minecraft:coarse_dirt":5,"minecraft:crafting_table":5,"minecraft:feather":2,"minecraft:leather":2,"minecraft:jungle_wood":10,"minecraft:birch_planks":6,"minecraft:flint":1,"minecraft:string":2,"minecraft:dirt":100,"minecraft:lantern":1,"minecraft:bone":4,"minecraft:wheat_seeds":31,"biomesoplenty:black_sand":1,"minecraft:spruce_planks":5,"minecraft:stripped_oak_wood":1,"minecraft:light_gray_wool":1,"minecraft:melon_slice":118,"minecraft:sugar_cane":5,"minecraft:chest":1,"biomesoplenty:mahogany_planks":4,"minecraft:furnace":1,"minecraft:stick":4,"minecraft:big_dripleaf":3,"minecraft:stripped_acacia_wood":4,"minecraft:spruce_stairs":1,"minecraft:gravel":3,"minecraft:porkchop":9,"minecraft:jungle_planks":18,"minecraft:birch_stairs":2,"minecraft:sand":17,"tombstone:grave_dust":2,"minecraft:ink_sac":2,"alexsmobs:leafcutter_ant_pupa":1,"minecraft:dark_oak_planks":1,"minecraft:tnt":1,"biomesoplenty:mahogany_log":31,"minecraft:arrow":2,"minecraft:rotten_flesh":1,"minecraft:iron_helmet":1,"minecraft:stripped_jungle_wood":1,"minecraft:terracotta":5,"biomesoplenty:pink_daffodil":4,"minecraft:netherrack":4,"minecraft:white_wool":3,"minecraft:coal":3,"minecraft:bone_block":4,"minecraft:cobblestone":37},"minecraft:dropped":{"minecraft:stick":1,"minecraft:dirt":1,"tombstone:grave_dust":1},"minecraft:mined":{"minecraft:dark_oak_planks":1,"minecraft:birch_stairs":2,"minecraft:dark_oak_leaves":1,"minecraft:jungle_leaves":35,"biomesoplenty:black_sand":1,"minecraft:crafting_table":5,"minecraft:grass_block":40,"biomesoplenty:mahogany_planks":4,"minecraft:jungle_planks":18,"minecraft:melon":25,"minecraft:stripped_jungle_wood":1,"minecraft:chest":1,"biomesoplenty:high_grass_plant":91,"minecraft:tall_grass":9,"minecraft:cobblestone":4,"biomesoplenty:sprout":6,"minecraft:sugar_cane":4,"minecraft:big_dripleaf":1,"minecraft:large_fern":6,"minecraft:birch_planks":3,"minecraft:magma_block":4,"minecraft:coarse_dirt":5,"minecraft:jungle_wood":7,"minecraft:furnace":1,"biomesoplenty:mahogany_log":36,"minecraft:fire":21,"biomesoplenty:pink_daffodil":6,"minecraft:light_gray_wool":2,"minecraft:big_dripleaf_stem":1,"minecraft:vine":2,"minecraft:grass":62,"minecraft:coal_ore":2,"biomesoplenty:high_grass":49,"minecraft:cocoa":7,"biomesoplenty:mahogany_leaves":18,"minecraft:lantern":1,"minecraft:gravel":4,"minecraft:dirt":35,"minecraft:sand":15,"minecraft:stripped_birch_wood":1,"minecraft:terracotta":5,"minecraft:stone":36,"minecraft:bone_block":3,"minecraft:netherrack":8,"minecraft:white_wool":3,"minecraft:fern":125},"minecraft:crafted":{"minecraft:crafting_table":2,"biomesoplenty:mahogany_planks":84,"minecraft:wooden_pickaxe":3,"minecraft:stone":1,"biomesoplenty:mahogany_slab":12,"minecraft:stone_axe":2,"minecraft:stick":20,"minecraft:stone_pickaxe":3,"minecraft:chest":2,"minecraft:white_bed":1},"minecraft:used":{"minecraft:glass_bottle":2,"minecraft:stone_pickaxe":56,"minecraft:chest":3,"minecraft:wooden_pickaxe":98,"biomesoplenty:mahogany_log":6,"minecraft:dirt":28,"minecraft:crafting_table":5,"minecraft:white_bed":1,"minecraft:melon_slice":26,"minecraft:stone_axe":77,"minecraft:cobblestone":1,"minecraft:potion":2,"minecraft:porkchop":3,"tombstone:gift":2},"minecraft:killed":{"minecraft:parrot":1,"alexsmobs:lobster":1,"minecraft:spider":1,"minecraft:skeleton":1,"minecraft:zombie":1,"alexsmobs:capuchin_monkey":2},"minecraft:custom":{"minecraft:interact_with_furnace":5,"minecraft:mob_kills":7,"minecraft:interact_with_crafting_table":22,"minecraft:open_barrel":18,"minecraft:leave_game":3,"minecraft:time_since_death":1496,"minecraft:sleep_in_bed":4,"minecraft:climb_one_cm":6338,"minecraft:time_since_rest":484,"minecraft:damage_absorbed":770,"minecraft:sprint_one_cm":291673,"minecraft:damage_taken":8845,"minecraft:walk_one_cm":458652,"minecraft:drop":3,"minecraft:damage_dealt":1247,"minecraft:swim_one_cm":516,"minecraft:fly_one_cm":208722,"minecraft:open_chest":18,"tombstone:undead_killed":2,"minecraft:play_time":184245,"minecraft:deaths":21,"minecraft:walk_under_water_one_cm":61199,"minecraft:boat_one_cm":131612,"minecraft:jump":2479,"minecraft:walk_on_water_one_cm":42612,"minecraft:total_world_time":184245,"minecraft:fall_one_cm":97977},"minecraft:killed_by":{"minecraft:wither_skeleton":2,"minecraft:skeleton":2,"minecraft:creeper":3,"minecraft:spider":1,"minecraft:zombie":3,"minecraft:enderman":1,"alexsmobs:capuchin_monkey":2}},"DataVersion":3465}