{"stats":{"minecraft:killed":{"alexsmobs:lobster":1,"minecraft:zombie":3},"minecraft:custom":{"minecraft:interact_with_furnace":10,"minecraft:mob_kills":5,"minecraft:interact_with_crafting_table":25,"minecraft:open_barrel":5,"minecraft:leave_game":1,"minecraft:time_since_death":640,"minecraft:time_since_rest":1,"minecraft:sprint_one_cm":61124,"minecraft:damage_taken":1263,"minecraft:walk_one_cm":222492,"minecraft:drop":30,"minecraft:damage_dealt":990,"minecraft:swim_one_cm":8027,"minecraft:fly_one_cm":206293,"minecraft:open_chest":2,"minecraft:crouch_one_cm":193,"minecraft:deaths":4,"minecraft:play_time":96637,"tombstone:undead_killed":3,"minecraft:sneak_time":79,"minecraft:walk_under_water_one_cm":4525,"minecraft:boat_one_cm":230824,"minecraft:jump":1127,"minecraft:walk_on_water_one_cm":12984,"minecraft:total_world_time":96637,"minecraft:fall_one_cm":26934},"minecraft:mined":{"minecraft:crafting_table":1,"minecraft:grass_block":1,"minecraft:melon":12,"biomesoplenty:mahogany_planks":1,"biomesoplenty:high_grass_plant":17,"minecraft:tall_grass":3,"minecraft:large_fern":1,"biomesoplenty:mahogany_log":28,"minecraft:grass":36,"biomesoplenty:high_grass":18,"minecraft:dirt":1,"minecraft:sand":63,"minecraft:stone":18,"minecraft:bone_block":9,"minecraft:fern":40},"minecraft:picked_up":{"minecraft:wooden_axe":2,"minecraft:crafting_table":2,"minecraft:cooked_beef":1,"minecraft:dirt":2,"minecraft:wheat_seeds":9,"minecraft:melon_slice":85,"biomesoplenty:mahogany_planks":8,"minecraft:stick":1,"minecraft:sand":62,"tombstone:grave_dust":1,"alexsmobs:animal_dictionary":1,"biomesoplenty:mahogany_log":27,"minecraft:arrow":2,"minecraft:rotten_flesh":6,"minecraft:stone_axe":3,"minecraft:bone_block":8,"alexsmobs:lobster_tail":1,"minecraft:cobblestone":18},"minecraft:used":{"biomesoplenty:mahogany_planks":63,"minecraft:stone_pickaxe":68,"minecraft:bone_block":8,"minecraft:wooden_pickaxe":18,"minecraft:stone":2,"biomesoplenty:mahogany_log":7,"minecraft:dirt":2,"minecraft:sand":62,"minecraft:crafting_table":2,"minecraft:wooden_axe":12,"minecraft:melon_slice":16,"tombstone:tablet_of_assistance":5,"biomesoplenty:mahogany_boat":1,"minecraft:stone_axe":97,"minecraft:furnace":1,"tombstone:gift":2,"alexsmobs:animal_dictionary":5},"minecraft:dropped":{"minecraft:stone_axe":3,"alexsmobs:animal_dictionary":1,"minecraft:rotten_flesh":3,"minecraft:wooden_axe":3,"minecraft:melon_slice":43,"minecraft:wooden_pickaxe":1},"minecraft:crafted":{"minecraft:crafting_table":1,"biomesoplenty:mahogany_planks":80,"minecraft:wooden_pickaxe":1,"minecraft:furnace":1,"minecraft:stone":2,"minecraft:stone_axe":1,"minecraft:bow":1,"minecraft:stick":12,"minecraft:stone_pickaxe":1,"minecraft:wooden_axe":1,"biomesoplenty:mahogany_boat":1},"minecraft:killed_by":{"minecraft:husk":2,"minecraft:spider":1,"minecraft:zombie":1}},"DataVersion":3465}