{"stats":{"minecraft:broken":{"minecraft:wooden_shovel":2,"minecraft:stone_pickaxe":1,"minecraft:stone_axe":1,"minecraft:wooden_hoe":1,"minecraft:stone_shovel":4},"minecraft:picked_up":{"minecraft:wooden_axe":2,"minecraft:crafting_table":2,"minecraft:coarse_dirt":23,"minecraft:wheat":3,"minecraft:azure_bluet":3,"minecraft:chicken":1,"minecraft:ladder":8,"minecraft:oak_stairs":13,"minecraft:shield":1,"minecraft:cornflower":1,"minecraft:string":2,"minecraft:oak_boat":2,"minecraft:poppy":2,"minecraft:iron_pickaxe":1,"minecraft:melon_slice":89,"minecraft:egg":2,"minecraft:stick":1,"minecraft:raw_iron":2,"minecraft:oak_door":1,"minecraft:composter":2,"minecraft:oak_fence":38,"minecraft:torch":23,"tombstone:grave_dust":1,"minecraft:carrot":10,"minecraft:rotten_flesh":6,"minecraft:arrow":2,"minecraft:stone_shovel":7,"minecraft:hay_block":1,"minecraft:mutton":7,"minecraft:bone_block":8,"alexsmobs:lobster_tail":1,"minecraft:white_wool":6,"minecraft:cobblestone":54,"minecraft:oxeye_daisy":3,"minecraft:feather":2,"minecraft:cooked_beef":1,"minecraft:flint":5,"biomesoplenty:mahogany_boat":1,"minecraft:oak_log":86,"minecraft:cobblestone_stairs":3,"minecraft:dirt":838,"minecraft:bow":1,"minecraft:wheat_seeds":162,"minecraft:stone_pickaxe":1,"minecraft:oak_planks":16,"biomesoplenty:mahogany_planks":8,"biomesoplenty:toadstool":1,"minecraft:dandelion":32,"minecraft:gravel":35,"minecraft:sand":111,"minecraft:ink_sac":3,"minecraft:white_bed":1,"minecraft:spider_eye":1,"alexsmobs:animal_dictionary":1,"minecraft:mossy_cobblestone":3,"biomesoplenty:mahogany_log":27,"minecraft:stone_axe":3,"minecraft:bread":32,"minecraft:oak_sapling":1,"minecraft:coal":1},"minecraft:dropped":{"minecraft:bread":31,"minecraft:wheat_seeds":3,"minecraft:wooden_axe":3,"minecraft:melon_slice":51,"minecraft:stone_axe":3,"alexsmobs:animal_dictionary":1,"minecraft:stone_shovel":6,"minecraft:rotten_flesh":3,"minecraft:carrot":1,"minecraft:bow":1,"minecraft:wooden_pickaxe":1},"minecraft:mined":{"minecraft:white_bed":1,"minecraft:farmland":114,"minecraft:mossy_cobblestone":3,"minecraft:cobblestone_stairs":3,"minecraft:ladder":6,"minecraft:grass_block":413,"minecraft:composter":2,"minecraft:oxeye_daisy":2,"minecraft:large_fern":1,"minecraft:tall_seagrass":1,"minecraft:carrots":3,"minecraft:azure_bluet":2,"biomesoplenty:high_grass":18,"minecraft:dirt_path":86,"minecraft:oak_stairs":14,"minecraft:stone":21,"minecraft:bone_block":9,"minecraft:dandelion":22,"minecraft:oak_fence":36,"minecraft:cornflower":2,"minecraft:crafting_table":1,"minecraft:torch":1,"minecraft:poppy":2,"minecraft:melon":12,"biomesoplenty:mahogany_planks":1,"biomesoplenty:high_grass_plant":17,"minecraft:cobblestone":36,"minecraft:tall_grass":21,"biomesoplenty:sprout":3,"minecraft:oak_planks":16,"minecraft:seagrass":1,"minecraft:coarse_dirt":23,"biomesoplenty:mahogany_log":28,"minecraft:wheat":74,"minecraft:grass":304,"minecraft:oak_log":86,"minecraft:coal_ore":1,"minecraft:sand":120,"minecraft:gravel":30,"minecraft:dirt":164,"minecraft:oak_leaves":5,"minecraft:fern":49},"minecraft:crafted":{"minecraft:oak_planks":124,"minecraft:stone_shovel":5,"biomesoplenty:mahogany_planks":80,"minecraft:cooked_chicken":1,"minecraft:furnace":1,"minecraft:stone":2,"minecraft:cooked_mutton":10,"minecraft:bow":1,"minecraft:stone_pickaxe":2,"minecraft:stone_hoe":2,"minecraft:oak_fence":24,"minecraft:wooden_shovel":2,"minecraft:cooked_porkchop":3,"minecraft:crafting_table":1,"minecraft:wooden_pickaxe":1,"minecraft:stone_axe":3,"minecraft:bread":1,"minecraft:wooden_hoe":1,"minecraft:stick":88,"minecraft:iron_ingot":3,"minecraft:wooden_axe":1,"biomesoplenty:mahogany_boat":1,"minecraft:white_bed":2,"minecraft:shears":1},"minecraft:used":{"minecraft:oak_fence":58,"biomesoplenty:mahogany_planks":63,"minecraft:stone_shovel":725,"minecraft:bone_block":8,"minecraft:ladder":2,"minecraft:shield":2,"minecraft:stone":2,"minecraft:wooden_shovel":151,"minecraft:stone_hoe":82,"minecraft:cooked_chicken":1,"minecraft:torch":23,"minecraft:dirt":816,"minecraft:carrot":29,"minecraft:wooden_axe":12,"minecraft:oak_stairs":37,"minecraft:bow":3,"minecraft:furnace":1,"tombstone:gift":2,"minecraft:wheat_seeds":51,"minecraft:cooked_mutton":6,"minecraft:stone_pickaxe":149,"minecraft:wooden_pickaxe":18,"minecraft:composter":2,"biomesoplenty:mahogany_log":7,"minecraft:sand":80,"minecraft:crafting_table":2,"minecraft:white_bed":2,"minecraft:oak_log":50,"minecraft:wooden_hoe":71,"minecraft:melon_slice":21,"tombstone:tablet_of_assistance":5,"minecraft:bread":2,"minecraft:gravel":38,"biomesoplenty:mahogany_boat":2,"minecraft:stone_axe":263,"minecraft:cobblestone":4,"minecraft:cooked_porkchop":2,"alexsmobs:animal_dictionary":5,"minecraft:oak_boat":1,"minecraft:coarse_dirt":23},"minecraft:killed":{"alexsmobs:lobster":1,"minecraft:spider":1,"minecraft:sheep":6,"minecraft:zombie":3},"minecraft:custom":{"minecraft:mob_kills":12,"minecraft:interact_with_crafting_table":66,"minecraft:open_barrel":6,"minecraft:leave_game":2,"minecraft:time_since_death":234680,"minecraft:climb_one_cm":6635,"minecraft:sprint_one_cm":276136,"minecraft:walk_one_cm":1095488,"minecraft:damage_blocked_by_shield":40,"minecraft:drop":73,"minecraft:talked_to_villager":2,"minecraft:play_time":330677,"minecraft:deaths":4,"minecraft:sneak_time":279,"minecraft:walk_under_water_one_cm":36600,"minecraft:boat_one_cm":548084,"minecraft:jump":3678,"minecraft:walk_on_water_one_cm":60492,"minecraft:total_world_time":330677,"minecraft:interact_with_furnace":41,"minecraft:sleep_in_bed":14,"minecraft:time_since_rest":22093,"minecraft:damage_taken":1697,"minecraft:damage_dealt":1599,"minecraft:swim_one_cm":10260,"minecraft:fly_one_cm":800609,"minecraft:open_chest":74,"minecraft:crouch_one_cm":208,"tombstone:undead_killed":3,"minecraft:fall_one_cm":85058},"minecraft:killed_by":{"minecraft:husk":2,"minecraft:spider":1,"minecraft:zombie":1}},"DataVersion":3465}