{
  "repurposed_structures:root": {
    "criteria": {
      "always": "2024-06-27 05:20:32 +0000"
    },
    "done": true
  },
  "minecraft:recipes/decorations/crafting_table": {
    "criteria": {
      "unlock_right_away": "2024-06-27 05:20:32 +0000"
    },
    "done": true
  },
  "dungeons_arise:wda_root": {
    "criteria": {
      "WDA": "2024-06-27 05:20:32 +0000"
    },
    "done": true
  },
  "minecraft:adventure/adventuring_time": {
    "criteria": {
      "minecraft:desert": "2024-06-27 05:20:34 +0000"
    },
    "done": false
  },
  "tombstone:adventure/root": {
    "criteria": {
      "auto": "2024-06-27 05:20:34 +0000"
    },
    "done": true
  },
  "alexscaves:alexscaves/radgill_bucket": {
    "criteria": {
      "radgill_bucket": "2024-06-27 05:40:34 +0000"
    },
    "done": true
  },
  "minecraft:nether/netherite_armor": {
    "criteria": {
      "netherite_armor": "2024-06-27 05:41:04 +0000"
    },
    "done": true
  },
  "travelersbackpack:recipes/misc/skeleton": {
    "criteria": {
      "has_arrow": "2024-06-27 05:43:38 +0000"
    },
    "done": true
  },
  "DataVersion": 3465
}