{
  "dungeons_arise:wda_root": {
    "criteria": {
      "WDA": "2024-06-27 23:13:58 +0000"
    },
    "done": true
  },
  "repurposed_structures:root": {
    "criteria": {
      "always": "2024-06-27 23:13:59 +0000"
    },
    "done": true
  },
  "minecraft:recipes/decorations/crafting_table": {
    "criteria": {
      "unlock_right_away": "2024-06-27 23:13:59 +0000"
    },
    "done": true
  },
  "biomesoplenty:biomesoplenty/all_biomes": {
    "criteria": {
      "rocky_shrubland": "2024-06-28 01:24:56 +0000",
      "rocky_rainforest": "2024-06-27 23:14:51 +0000",
      "grassland": "2024-06-28 00:27:06 +0000",
      "rainforest": "2024-06-27 23:14:00 +0000"
    },
    "done": false
  },
  "biomesoplenty:biomesoplenty/root": {
    "criteria": {
      "rainforest": "2024-06-27 23:14:00 +0000"
    },
    "done": true
  },
  "tombstone:adventure/root": {
    "criteria": {
      "auto": "2024-06-27 23:14:00 +0000"
    },
    "done": true
  },
  "minecraft:adventure/adventuring_time": {
    "criteria": {
      "minecraft:beach": "2024-06-28 01:00:09 +0000",
      "minecraft:river": "2024-06-27 23:14:50 +0000",
      "minecraft:stony_shore": "2024-06-28 01:27:42 +0000",
      "minecraft:ocean": "2024-06-28 01:17:09 +0000",
      "minecraft:old_growth_birch_forest": "2024-06-28 01:21:10 +0000"
    },
    "done": false
  },
  "tombstone:adventure/first_grave": {
    "criteria": {
      "coded_trigger": "2024-06-28 00:07:30 +0000"
    },
    "done": true
  },
  "tombstone:recipes/from_grave_key": {
    "criteria": {
      "has_ingredient": "2024-06-28 00:07:32 +0000"
    },
    "done": true
  },
  "tombstone:adventure/cancel_ghostly_shape": {
    "criteria": {
      "coded_trigger": "2024-06-28 00:07:42 +0000"
    },
    "done": true
  },
  "minecraft:recipes/redstone/lever": {
    "criteria": {
      "has_cobblestone": "2024-06-28 00:11:00 +0000"
    },
    "done": true
  },
  "furnitura:recipes/misc/dark_oak_stool": {
    "criteria": {
      "has_dark_oak_planks": "2024-06-28 00:17:31 +0000"
    },
    "done": true
  },
  "cfm:recipes/decorations/green_kitchen_sink": {
    "criteria": {
      "has_bucket": "2024-06-28 00:18:58 +0000"
    },
    "done": true
  },
  "cfm:recipes/decorations/jungle_cabinet": {
    "criteria": {
      "has_log": "2024-06-28 00:15:49 +0000"
    },
    "done": true
  },
  "minecraft:recipes/misc/melon_seeds": {
    "criteria": {
      "has_melon": "2024-06-28 00:13:37 +0000"
    },
    "done": true
  },
  "minecraft:recipes/decorations/ladder": {
    "criteria": {
      "has_stick": "2024-06-28 00:10:23 +0000"
    },
    "done": true
  },
  "minecraft:recipes/combat/iron_leggings": {
    "criteria": {
      "has_iron_ingot": "2024-06-28 01:09:39 +0000"
    },
    "done": true
  },
  "cfm:recipes/decorations/stripped_dark_oak_kitchen_sink_dark": {
    "criteria": {
      "has_bucket": "2024-06-28 00:18:58 +0000"
    },
    "done": true
  },
  "travelersbackpack:recipes/misc/coal": {
    "criteria": {
      "has_coal": "2024-06-28 00:18:32 +0000"
    },
    "done": true
  },
  "cfm:recipes/decorations/stripped_jungle_kitchen_drawer": {
    "criteria": {
      "has_log": "2024-06-28 00:15:49 +0000"
    },
    "done": true
  },
  "minecraft:story/obtain_armor": {
    "criteria": {
      "iron_leggings": "2024-06-28 00:19:12 +0000"
    },
    "done": true
  },
  "cfm:recipes/decorations/dark_oak_desk_cabinet": {
    "criteria": {
      "has_planks": "2024-06-28 00:17:31 +0000"
    },
    "done": true
  },
  "minecraft:recipes/food/dried_kelp_from_smelting": {
    "criteria": {
      "has_kelp": "2024-06-28 01:17:10 +0000"
    },
    "done": true
  },
  "cfm:recipes/decorations/stripped_warped_kitchen_sink_light": {
    "criteria": {
      "has_bucket": "2024-06-28 00:18:58 +0000"
    },
    "done": true
  },
  "minecraft:recipes/redstone/dark_oak_fence_gate": {
    "criteria": {
      "has_planks": "2024-06-28 00:17:31 +0000"
    },
    "done": true
  },
  "minecraft:recipes/misc/iron_nugget_from_smelting": {
    "criteria": {
      "has_iron_sword": "2024-06-28 00:16:58 +0000"
    },
    "done": true
  },
  "cfm:recipes/decorations/stripped_jungle_coffee_table": {
    "criteria": {
      "has_planks": "2024-06-28 00:15:49 +0000"
    },
    "done": true
  },
  "cfm:recipes/decorations/stripped_crimson_kitchen_sink_light": {
    "criteria": {
      "has_bucket": "2024-06-28 00:18:58 +0000"
    },
    "done": true
  },
  "cfm:recipes/decorations/jungle_chair": {
    "criteria": {
      "has_log": "2024-06-28 00:15:49 +0000"
    },
    "done": true
  },
  "cfm:recipes/decorations/acacia_kitchen_sink_dark": {
    "criteria": {
      "has_bucket": "2024-06-28 00:18:58 +0000"
    },
    "done": true
  },
  "minecraft:recipes/building_blocks/jungle_wood": {
    "criteria": {
      "has_log": "2024-06-28 00:15:49 +0000"
    },
    "done": true
  },
  "cfm:recipes/decorations/stripped_crimson_kitchen_sink_dark": {
    "criteria": {
      "has_bucket": "2024-06-28 00:18:58 +0000"
    },
    "done": true
  },
  "minecraft:recipes/tools/golden_axe": {
    "criteria": {
      "has_gold_ingot": "2024-06-28 00:16:57 +0000"
    },
    "done": true
  },
  "minecraft:recipes/combat/iron_chestplate": {
    "criteria": {
      "has_iron_ingot": "2024-06-28 01:09:39 +0000"
    },
    "done": true
  },
  "minecraft:recipes/redstone/dark_oak_trapdoor": {
    "criteria": {
      "has_planks": "2024-06-28 00:17:31 +0000"
    },
    "done": true
  },
  "minecraft:recipes/tools/golden_pickaxe": {
    "criteria": {
      "has_gold_ingot": "2024-06-28 00:16:57 +0000"
    },
    "done": true
  },
  "cfm:recipes/decorations/jungle_coffee_table": {
    "criteria": {
      "has_log": "2024-06-28 00:15:49 +0000"
    },
    "done": true
  },
  "cfm:recipes/decorations/jungle_kitchen_sink_dark": {
    "criteria": {
      "has_bucket": "2024-06-28 00:18:58 +0000"
    },
    "done": true
  },
  "cfm:recipes/decorations/brown_kitchen_sink": {
    "criteria": {
      "has_bucket": "2024-06-28 00:18:58 +0000"
    },
    "done": true
  },
  "minecraft:recipes/combat/stone_sword": {
    "criteria": {
      "has_cobblestone": "2024-06-28 00:11:00 +0000"
    },
    "done": true
  },
  "minecraft:recipes/decorations/cobblestone_wall": {
    "criteria": {
      "has_cobblestone": "2024-06-28 00:11:00 +0000"
    },
    "done": true
  },
  "travelersbackpack:recipes/misc/backpack_tank": {
    "criteria": {
      "has_iron": "2024-06-28 01:09:39 +0000"
    },
    "done": true
  },
  "minecraft:recipes/food/dried_kelp_from_campfire_cooking": {
    "criteria": {
      "has_kelp": "2024-06-28 01:17:10 +0000"
    },
    "done": true
  },
  "minecraft:recipes/food/cooked_cod_from_smoking": {
    "criteria": {
      "has_cod": "2024-06-28 01:22:16 +0000"
    },
    "done": true
  },
  "furnitura:recipes/misc/jungle_chair": {
    "criteria": {
      "has_jungle_planks": "2024-06-28 00:20:08 +0000"
    },
    "done": true
  },
  "minecraft:recipes/misc/gold_nugget_from_smelting": {
    "criteria": {
      "has_golden_horse_armor": "2024-06-28 00:18:56 +0000"
    },
    "done": true
  },
  "minecraft:recipes/misc/brown_dye": {
    "criteria": {
      "has_cocoa_beans": "2024-06-28 00:15:37 +0000"
    },
    "done": true
  },
  "minecraft:recipes/tools/stone_axe": {
    "criteria": {
      "has_cobblestone": "2024-06-28 00:11:00 +0000"
    },
    "done": true
  },
  "cfm:recipes/decorations/stripped_warped_kitchen_sink_dark": {
    "criteria": {
      "has_bucket": "2024-06-28 00:18:58 +0000"
    },
    "done": true
  },
  "cfm:recipes/decorations/blue_grill": {
    "criteria": {
      "has_iron": "2024-06-28 01:09:39 +0000"
    },
    "done": true
  },
  "cfm:recipes/decorations/stripped_birch_kitchen_sink_dark": {
    "criteria": {
      "has_bucket": "2024-06-28 00:18:58 +0000"
    },
    "done": true
  },
  "furnitura:recipes/misc/jungle_mailbox": {
    "criteria": {
      "has_jungle_planks": "2024-06-28 00:20:08 +0000"
    },
    "done": true
  },
  "cfm:recipes/decorations/stripped_jungle_kitchen_sink_light": {
    "criteria": {
      "has_bucket": "2024-06-28 00:18:58 +0000"
    },
    "done": true
  },
  "biomesoplenty:recipes/transportation/willow_boat": {
    "criteria": {
      "in_water": "2024-06-28 00:31:08 +0000"
    },
    "done": true
  },
  "cfm:recipes/decorations/light_blue_grill": {
    "criteria": {
      "has_iron": "2024-06-28 01:09:39 +0000"
    },
    "done": true
  },
  "minecraft:recipes/misc/iron_nugget": {
    "criteria": {
      "has_iron_ingot": "2024-06-28 01:09:39 +0000"
    },
    "done": true
  },
  "cfm:recipes/decorations/brown_grill": {
    "criteria": {
      "has_iron": "2024-06-28 01:09:39 +0000"
    },
    "done": true
  },
  "cfm:recipes/decorations/light_gray_grill": {
    "criteria": {
      "has_iron": "2024-06-28 01:09:39 +0000"
    },
    "done": true
  },
  "minecraft:recipes/misc/gold_nugget": {
    "criteria": {
      "has_gold_ingot": "2024-06-28 00:16:57 +0000"
    },
    "done": true
  },
  "tombstone:adventure/find_grave_dust": {
    "criteria": {
      "from_undead": "2024-06-28 00:34:56 +0000"
    },
    "done": true
  },
  "furnitura:recipes/misc/dark_oak_log_shelf": {
    "criteria": {
      "has_dark_oak_planks": "2024-06-28 00:17:31 +0000"
    },
    "done": true
  },
  "cfm:recipes/decorations/green_grill": {
    "criteria": {
      "has_iron": "2024-06-28 01:09:39 +0000"
    },
    "done": true
  },
  "minecraft:recipes/misc/bucket": {
    "criteria": {
      "has_iron_ingot": "2024-06-28 01:09:39 +0000"
    },
    "done": true
  },
  "minecraft:recipes/combat/iron_helmet": {
    "criteria": {
      "has_iron_ingot": "2024-06-28 01:09:39 +0000"
    },
    "done": true
  },
  "minecraft:recipes/tools/golden_shovel": {
    "criteria": {
      "has_gold_ingot": "2024-06-28 00:16:57 +0000"
    },
    "done": true
  },
  "minecraft:recipes/combat/bow": {
    "criteria": {
      "has_string": "2024-06-28 01:12:15 +0000"
    },
    "done": true
  },
  "minecraft:story/mine_stone": {
    "criteria": {
      "get_stone": "2024-06-28 00:11:00 +0000"
    },
    "done": true
  },
  "minecraft:recipes/decorations/furnace": {
    "criteria": {
      "has_cobblestone": "2024-06-28 00:11:00 +0000"
    },
    "done": true
  },
  "minecraft:recipes/transportation/minecart": {
    "criteria": {
      "has_iron_ingot": "2024-06-28 01:09:39 +0000"
    },
    "done": true
  },
  "minecraft:recipes/tools/iron_hoe": {
    "criteria": {
      "has_iron_ingot": "2024-06-28 01:09:39 +0000"
    },
    "done": true
  },
  "minecraft:recipes/food/golden_apple": {
    "criteria": {
      "has_gold_ingot": "2024-06-28 00:16:57 +0000"
    },
    "done": true
  },
  "cfm:recipes/tools/spatula": {
    "criteria": {
      "has_iron": "2024-06-28 01:09:39 +0000"
    },
    "done": true
  },
  "cfm:recipes/decorations/spruce_kitchen_sink_light": {
    "criteria": {
      "has_bucket": "2024-06-28 00:18:58 +0000"
    },
    "done": true
  },
  "biomesoplenty:recipes/transportation/jacaranda_chest_boat": {
    "criteria": {
      "has_boat": "2024-06-28 01:00:37 +0000"
    },
    "done": true
  },
  "cfm:recipes/decorations/stripped_mangrove_kitchen_sink_dark": {
    "criteria": {
      "has_bucket": "2024-06-28 00:18:58 +0000"
    },
    "done": true
  },
  "cfm:recipes/decorations/pink_trampoline": {
    "criteria": {
      "has_iron": "2024-06-28 01:09:39 +0000"
    },
    "done": true
  },
  "furnitura:recipes/misc/jungle_shelf_extenders": {
    "criteria": {
      "has_jungle_planks": "2024-06-28 00:20:08 +0000"
    },
    "done": true
  },
  "furnitura:recipes/misc/jungle_crate": {
    "criteria": {
      "has_jungle_planks": "2024-06-28 00:20:08 +0000"
    },
    "done": true
  },
  "minecraft:recipes/combat/golden_boots": {
    "criteria": {
      "has_gold_ingot": "2024-06-28 00:16:57 +0000"
    },
    "done": true
  },
  "minecraft:recipes/tools/wooden_axe": {
    "criteria": {
      "has_stick": "2024-06-28 00:10:23 +0000"
    },
    "done": true
  },
  "minecraft:recipes/misc/gold_nugget_from_blasting": {
    "criteria": {
      "has_golden_horse_armor": "2024-06-28 00:18:56 +0000"
    },
    "done": true
  },
  "cfm:recipes/decorations/jungle_blinds": {
    "criteria": {
      "has_log": "2024-06-28 00:15:49 +0000"
    },
    "done": true
  },
  "minecraft:recipes/combat/golden_helmet": {
    "criteria": {
      "has_gold_ingot": "2024-06-28 00:16:57 +0000"
    },
    "done": true
  },
  "cfm:recipes/decorations/stripped_dark_oak_kitchen_sink_light": {
    "criteria": {
      "has_bucket": "2024-06-28 00:18:58 +0000"
    },
    "done": true
  },
  "minecraft:recipes/transportation/spruce_chest_boat": {
    "criteria": {
      "has_boat": "2024-06-28 01:00:37 +0000"
    },
    "done": true
  },
  "cfm:recipes/decorations/magenta_kitchen_sink": {
    "criteria": {
      "has_bucket": "2024-06-28 00:18:58 +0000"
    },
    "done": true
  },
  "cfm:recipes/decorations/fridge_dark": {
    "criteria": {
      "has_iron": "2024-06-28 01:09:39 +0000"
    },
    "done": true
  },
  "tombstone:adventure/choose_knowledge": {
    "criteria": {
      "coded_trigger": "2024-06-28 00:35:19 +0000"
    },
    "done": true
  },
  "cfm:recipes/decorations/dark_oak_park_bench": {
    "criteria": {
      "has_planks": "2024-06-28 00:17:31 +0000"
    },
    "done": true
  },
  "cfm:recipes/decorations/purple_grill": {
    "criteria": {
      "has_iron": "2024-06-28 01:09:39 +0000"
    },
    "done": true
  },
  "cfm:recipes/decorations/warped_kitchen_sink_dark": {
    "criteria": {
      "has_bucket": "2024-06-28 00:18:58 +0000"
    },
    "done": true
  },
  "biomesoplenty:recipes/redstone/mahogany_fence_gate": {
    "criteria": {
      "has_planks": "2024-06-28 00:10:19 +0000"
    },
    "done": true
  },
  "travelersbackpack:recipes/misc/crafting_upgrade": {
    "criteria": {
      "has_crafting_table": "2024-06-28 00:10:23 +0000"
    },
    "done": true
  },
  "minecraft:story/smelt_iron": {
    "criteria": {
      "iron": "2024-06-28 01:09:39 +0000"
    },
    "done": true
  },
  "minecraft:recipes/tools/fishing_rod": {
    "criteria": {
      "has_string": "2024-06-28 01:12:15 +0000"
    },
    "done": true
  },
  "minecraft:recipes/decorations/smoker": {
    "criteria": {
      "has_furnace": "2024-06-28 00:12:07 +0000"
    },
    "done": true
  },
  "minecraft:recipes/decorations/chest": {
    "criteria": {
      "has_lots_of_items": "2024-06-28 00:12:07 +0000"
    },
    "done": true
  },
  "cfm:recipes/decorations/black_trampoline": {
    "criteria": {
      "has_iron": "2024-06-28 01:09:39 +0000"
    },
    "done": true
  },
  "minecraft:recipes/redstone/dark_oak_button": {
    "criteria": {
      "has_planks": "2024-06-28 00:17:31 +0000"
    },
    "done": true
  },
  "minecraft:recipes/tools/shears": {
    "criteria": {
      "has_iron_ingot": "2024-06-28 01:09:39 +0000"
    },
    "done": true
  },
  "minecraft:recipes/misc/stick": {
    "criteria": {
      "has_planks": "2024-06-28 00:10:19 +0000"
    },
    "done": true
  },
  "cfm:recipes/decorations/crimson_kitchen_sink_light": {
    "criteria": {
      "has_bucket": "2024-06-28 00:18:58 +0000"
    },
    "done": true
  },
  "cfm:recipes/decorations/stripped_jungle_cabinet": {
    "criteria": {
      "has_log": "2024-06-28 00:15:49 +0000"
    },
    "done": true
  },
  "cfm:recipes/decorations/dark_oak_kitchen_sink_dark": {
    "criteria": {
      "has_bottom": "2024-06-28 00:17:31 +0000"
    },
    "done": true
  },
  "cfm:recipes/decorations/stripped_jungle_kitchen_sink_dark": {
    "criteria": {
      "has_bucket": "2024-06-28 00:18:58 +0000"
    },
    "done": true
  },
  "minecraft:recipes/transportation/jungle_chest_boat": {
    "criteria": {
      "has_boat": "2024-06-28 01:00:37 +0000"
    },
    "done": true
  },
  "biomesoplenty:recipes/transportation/fir_boat": {
    "criteria": {
      "in_water": "2024-06-28 00:31:08 +0000"
    },
    "done": true
  },
  "minecraft:recipes/transportation/acacia_chest_boat": {
    "criteria": {
      "has_boat": "2024-06-28 01:00:37 +0000"
    },
    "done": true
  },
  "cfm:recipes/decorations/yellow_grill": {
    "criteria": {
      "has_iron": "2024-06-28 01:09:39 +0000"
    },
    "done": true
  },
  "minecraft:recipes/building_blocks/cobblestone_slab_from_cobblestone_stonecutting": {
    "criteria": {
      "has_cobblestone": "2024-06-28 00:11:00 +0000"
    },
    "done": true
  },
  "biomesoplenty:recipes/transportation/magic_chest_boat": {
    "criteria": {
      "has_boat": "2024-06-28 01:00:37 +0000"
    },
    "done": true
  },
  "minecraft:recipes/transportation/cherry_boat": {
    "criteria": {
      "in_water": "2024-06-28 00:31:08 +0000"
    },
    "done": true
  },
  "minecraft:adventure/kill_all_mobs": {
    "criteria": {
      "minecraft:skeleton": "2024-06-28 00:22:08 +0000",
      "minecraft:spider": "2024-06-28 01:11:34 +0000",
      "minecraft:husk": "2024-06-28 00:21:10 +0000",
      "minecraft:zombie": "2024-06-28 00:13:25 +0000"
    },
    "done": false
  },
  "cfm:recipes/decorations/stripped_jungle_desk_cabinet": {
    "criteria": {
      "has_planks": "2024-06-28 00:15:49 +0000"
    },
    "done": true
  },
  "cfm:recipes/decorations/oak_kitchen_sink_dark": {
    "criteria": {
      "has_bucket": "2024-06-28 00:18:58 +0000"
    },
    "done": true
  },
  "cfm:recipes/decorations/white_kitchen_sink": {
    "criteria": {
      "has_bucket": "2024-06-28 00:18:58 +0000"
    },
    "done": true
  },
  "cfm:recipes/decorations/fridge_light": {
    "criteria": {
      "has_iron": "2024-06-28 01:09:39 +0000"
    },
    "done": true
  },
  "minecraft:recipes/decorations/chain": {
    "criteria": {
      "has_iron_nugget": "2024-06-28 00:29:33 +0000"
    },
    "done": true
  },
  "minecraft:recipes/combat/golden_chestplate": {
    "criteria": {
      "has_gold_ingot": "2024-06-28 00:16:57 +0000"
    },
    "done": true
  },
  "biomesoplenty:recipes/transportation/umbran_boat": {
    "criteria": {
      "in_water": "2024-06-28 00:31:08 +0000"
    },
    "done": true
  },
  "minecraft:recipes/building_blocks/iron_block": {
    "criteria": {
      "has_iron_ingot": "2024-06-28 01:09:39 +0000"
    },
    "done": true
  },
  "travelersbackpack:recipes/misc/gold": {
    "criteria": {
      "has_gold_ingot": "2024-06-28 00:16:57 +0000"
    },
    "done": true
  },
  "minecraft:recipes/transportation/mangrove_chest_boat": {
    "criteria": {
      "has_boat": "2024-06-28 01:00:37 +0000"
    },
    "done": true
  },
  "furnitura:recipes/misc/dark_oak_table": {
    "criteria": {
      "has_dark_oak_planks": "2024-06-28 00:17:31 +0000"
    },
    "done": true
  },
  "minecraft:recipes/redstone/tripwire_hook": {
    "criteria": {
      "has_string": "2024-06-28 01:12:15 +0000"
    },
    "done": true
  },
  "minecraft:recipes/misc/bone_meal": {
    "criteria": {
      "has_bone": "2024-06-28 00:17:02 +0000"
    },
    "done": true
  },
  "cfm:recipes/decorations/dark_oak_coffee_table": {
    "criteria": {
      "has_planks": "2024-06-28 00:17:31 +0000"
    },
    "done": true
  },
  "cfm:recipes/decorations/jungle_kitchen_sink_light": {
    "criteria": {
      "has_bucket": "2024-06-28 00:18:58 +0000"
    },
    "done": true
  },
  "travelersbackpack:recipes/misc/spider": {
    "criteria": {
      "has_string": "2024-06-28 01:12:15 +0000"
    },
    "done": true
  },
  "biomesoplenty:recipes/transportation/fir_chest_boat": {
    "criteria": {
      "has_boat": "2024-06-28 01:00:37 +0000"
    },
    "done": true
  },
  "alexsmobs:alexsmobs/seagull_steal": {
    "criteria": {
      "ex": "2024-06-28 01:00:48 +0000"
    },
    "done": true
  },
  "minecraft:recipes/building_blocks/stone": {
    "criteria": {
      "has_cobblestone": "2024-06-28 00:11:00 +0000"
    },
    "done": true
  },
  "minecraft:recipes/transportation/bamboo_raft": {
    "criteria": {
      "in_water": "2024-06-28 00:31:08 +0000"
    },
    "done": true
  },
  "minecraft:recipes/decorations/smithing_table": {
    "criteria": {
      "has_iron_ingot": "2024-06-28 01:09:39 +0000"
    },
    "done": true
  },
  "biomesoplenty:recipes/building_blocks/mahogany_slab": {
    "criteria": {
      "has_planks": "2024-06-28 00:10:19 +0000"
    },
    "done": true
  },
  "cfm:recipes/decorations/jungle_upgraded_gate": {
    "criteria": {
      "has_log": "2024-06-28 00:15:49 +0000"
    },
    "done": true
  },
  "cfm:recipes/decorations/stripped_jungle_kitchen_counter": {
    "criteria": {
      "has_log": "2024-06-28 00:15:49 +0000"
    },
    "done": true
  },
  "minecraft:recipes/food/cookie": {
    "criteria": {
      "has_cocoa": "2024-06-28 00:15:37 +0000"
    },
    "done": true
  },
  "cfm:recipes/decorations/dark_oak_kitchen_sink_light": {
    "criteria": {
      "has_bottom": "2024-06-28 00:17:31 +0000"
    },
    "done": true
  },
  "minecraft:recipes/food/cooked_cod_from_grill_cooking": {
    "criteria": {
      "has_cod": "2024-06-28 01:22:16 +0000"
    },
    "done": true
  },
  "cfm:recipes/decorations/light_gray_kitchen_sink": {
    "criteria": {
      "has_bucket": "2024-06-28 00:18:58 +0000"
    },
    "done": true
  },
  "biomesoplenty:recipes/transportation/palm_chest_boat": {
    "criteria": {
      "has_boat": "2024-06-28 01:00:37 +0000"
    },
    "done": true
  },
  "minecraft:recipes/decorations/candle": {
    "criteria": {
      "has_string": "2024-06-28 01:12:15 +0000"
    },
    "done": true
  },
  "biomesoplenty:recipes/decorations/mahogany_sign": {
    "criteria": {
      "has_mahogany_planks": "2024-06-28 00:10:19 +0000"
    },
    "done": true
  },
  "minecraft:recipes/misc/bone_meal_from_bone_block": {
    "criteria": {
      "has_bone_block": "2024-06-28 00:35:41 +0000"
    },
    "done": true
  },
  "biomesoplenty:recipes/transportation/dead_boat": {
    "criteria": {
      "in_water": "2024-06-28 00:31:08 +0000"
    },
    "done": true
  },
  "cfm:recipes/decorations/blue_trampoline": {
    "criteria": {
      "has_iron": "2024-06-28 01:09:39 +0000"
    },
    "done": true
  },
  "minecraft:recipes/transportation/spruce_boat": {
    "criteria": {
      "in_water": "2024-06-28 00:31:08 +0000"
    },
    "done": true
  },
  "biomesoplenty:recipes/transportation/redwood_chest_boat": {
    "criteria": {
      "has_boat": "2024-06-28 01:00:37 +0000"
    },
    "done": true
  },
  "furnitura:recipes/misc/dark_oak_stump": {
    "criteria": {
      "has_dark_oak_planks": "2024-06-28 00:17:31 +0000"
    },
    "done": true
  },
  "minecraft:recipes/redstone/jungle_button": {
    "criteria": {
      "has_planks": "2024-06-28 00:20:08 +0000"
    },
    "done": true
  },
  "biomesoplenty:recipes/transportation/magic_boat": {
    "criteria": {
      "in_water": "2024-06-28 00:31:08 +0000"
    },
    "done": true
  },
  "biomesoplenty:recipes/building_blocks/mahogany_wood": {
    "criteria": {
      "has_log": "2024-06-28 00:09:56 +0000"
    },
    "done": true
  },
  "cfm:recipes/decorations/stripped_mangrove_kitchen_sink_light": {
    "criteria": {
      "has_bucket": "2024-06-28 00:18:58 +0000"
    },
    "done": true
  },
  "cfm:recipes/decorations/dark_oak_kitchen_drawer": {
    "criteria": {
      "has_planks": "2024-06-28 00:17:31 +0000"
    },
    "done": true
  },
  "minecraft:recipes/transportation/oak_chest_boat": {
    "criteria": {
      "has_boat": "2024-06-28 01:00:37 +0000"
    },
    "done": true
  },
  "cfm:recipes/decorations/lime_kitchen_sink": {
    "criteria": {
      "has_bucket": "2024-06-28 00:18:58 +0000"
    },
    "done": true
  },
  "minecraft:husbandry/root": {
    "criteria": {
      "consumed_item": "2024-06-28 00:13:45 +0000"
    },
    "done": true
  },
  "minecraft:recipes/transportation/birch_boat": {
    "criteria": {
      "in_water": "2024-06-28 00:31:08 +0000"
    },
    "done": true
  },
  "cfm:recipes/decorations/purple_kitchen_sink": {
    "criteria": {
      "has_bucket": "2024-06-28 00:18:58 +0000"
    },
    "done": true
  },
  "cfm:recipes/decorations/acacia_kitchen_sink_light": {
    "criteria": {
      "has_bucket": "2024-06-28 00:18:58 +0000"
    },
    "done": true
  },
  "cfm:recipes/decorations/lime_trampoline": {
    "criteria": {
      "has_iron": "2024-06-28 01:09:39 +0000"
    },
    "done": true
  },
  "minecraft:recipes/building_blocks/dark_oak_stairs": {
    "criteria": {
      "has_planks": "2024-06-28 00:17:31 +0000"
    },
    "done": true
  },
  "minecraft:recipes/transportation/cherry_chest_boat": {
    "criteria": {
      "has_boat": "2024-06-28 01:00:37 +0000"
    },
    "done": true
  },
  "minecraft:recipes/transportation/birch_chest_boat": {
    "criteria": {
      "has_boat": "2024-06-28 01:00:37 +0000"
    },
    "done": true
  },
  "tombstone:adventure/first_knowledge": {
    "criteria": {
      "coded_trigger": "2024-06-28 00:34:56 +0000"
    },
    "done": true
  },
  "cfm:recipes/decorations/jungle_kitchen_counter": {
    "criteria": {
      "has_log": "2024-06-28 00:15:49 +0000"
    },
    "done": true
  },
  "minecraft:recipes/transportation/oak_boat": {
    "criteria": {
      "in_water": "2024-06-28 00:31:08 +0000"
    },
    "done": true
  },
  "furnitura:recipes/misc/jungle_desk": {
    "criteria": {
      "has_jungle_planks": "2024-06-28 00:20:08 +0000"
    },
    "done": true
  },
  "biomesoplenty:recipes/transportation/redwood_boat": {
    "criteria": {
      "in_water": "2024-06-28 00:31:08 +0000"
    },
    "done": true
  },
  "cfm:recipes/decorations/stripped_oak_kitchen_sink_dark": {
    "criteria": {
      "has_bucket": "2024-06-28 00:18:58 +0000"
    },
    "done": true
  },
  "cfm:recipes/decorations/black_kitchen_sink": {
    "criteria": {
      "has_bucket": "2024-06-28 00:18:58 +0000"
    },
    "done": true
  },
  "minecraft:recipes/building_blocks/coal_block": {
    "criteria": {
      "has_coal": "2024-06-28 00:18:32 +0000"
    },
    "done": true
  },
  "minecraft:recipes/redstone/light_weighted_pressure_plate": {
    "criteria": {
      "has_gold_ingot": "2024-06-28 00:16:57 +0000"
    },
    "done": true
  },
  "furnitura:recipes/misc/jungle_stool": {
    "criteria": {
      "has_jungle_planks": "2024-06-28 00:20:08 +0000"
    },
    "done": true
  },
  "travelersbackpack:recipes/misc/ocelot": {
    "criteria": {
      "has_cod": "2024-06-28 01:22:16 +0000"
    },
    "done": true
  },
  "biomesoplenty:recipes/transportation/dead_chest_boat": {
    "criteria": {
      "has_boat": "2024-06-28 01:00:37 +0000"
    },
    "done": true
  },
  "cfm:recipes/decorations/stripped_jungle_table": {
    "criteria": {
      "has_planks": "2024-06-28 00:15:49 +0000"
    },
    "done": true
  },
  "cfm:recipes/decorations/orange_kitchen_sink": {
    "criteria": {
      "has_bucket": "2024-06-28 00:18:58 +0000"
    },
    "done": true
  },
  "minecraft:recipes/redstone/dark_oak_pressure_plate": {
    "criteria": {
      "has_planks": "2024-06-28 00:17:31 +0000"
    },
    "done": true
  },
  "cfm:recipes/decorations/light_gray_trampoline": {
    "criteria": {
      "has_iron": "2024-06-28 01:09:39 +0000"
    },
    "done": true
  },
  "furnitura:recipes/misc/dark_oak_shelf": {
    "criteria": {
      "has_dark_oak_planks": "2024-06-28 00:17:31 +0000"
    },
    "done": true
  },
  "biomesoplenty:recipes/building_blocks/mahogany_planks": {
    "criteria": {
      "has_logs": "2024-06-28 00:09:56 +0000"
    },
    "done": true
  },
  "cfm:recipes/decorations/jungle_park_bench": {
    "criteria": {
      "has_log": "2024-06-28 00:15:49 +0000"
    },
    "done": true
  },
  "minecraft:recipes/building_blocks/jungle_stairs": {
    "criteria": {
      "has_planks": "2024-06-28 00:20:08 +0000"
    },
    "done": true
  },
  "minecraft:recipes/redstone/jungle_fence_gate": {
    "criteria": {
      "has_planks": "2024-06-28 00:20:08 +0000"
    },
    "done": true
  },
  "cfm:recipes/decorations/jungle_upgraded_fence": {
    "criteria": {
      "has_log": "2024-06-28 00:15:49 +0000"
    },
    "done": true
  },
  "cfm:recipes/decorations/dark_oak_crate": {
    "criteria": {
      "has_planks": "2024-06-28 00:17:31 +0000"
    },
    "done": true
  },
  "cfm:recipes/decorations/jungle_table": {
    "criteria": {
      "has_log": "2024-06-28 00:15:49 +0000"
    },
    "done": true
  },
  "minecraft:recipes/decorations/dark_oak_fence": {
    "criteria": {
      "has_planks": "2024-06-28 00:17:31 +0000"
    },
    "done": true
  },
  "minecraft:recipes/combat/iron_sword": {
    "criteria": {
      "has_iron_ingot": "2024-06-28 01:09:39 +0000"
    },
    "done": true
  },
  "minecraft:recipes/tools/iron_pickaxe": {
    "criteria": {
      "has_iron_ingot": "2024-06-28 01:09:39 +0000"
    },
    "done": true
  },
  "cfm:recipes/decorations/gray_kitchen_sink": {
    "criteria": {
      "has_bucket": "2024-06-28 00:18:58 +0000"
    },
    "done": true
  },
  "minecraft:recipes/building_blocks/dark_oak_slab": {
    "criteria": {
      "has_planks": "2024-06-28 00:17:31 +0000"
    },
    "done": true
  },
  "minecraft:recipes/transportation/mangrove_boat": {
    "criteria": {
      "in_water": "2024-06-28 00:31:08 +0000"
    },
    "done": true
  },
  "minecraft:recipes/decorations/torch": {
    "criteria": {
      "has_stone_pickaxe": "2024-06-28 00:12:13 +0000"
    },
    "done": true
  },
  "furnitura:recipes/misc/jungle_log_shelf": {
    "criteria": {
      "has_jungle_planks": "2024-06-28 00:20:08 +0000"
    },
    "done": true
  },
  "cfm:recipes/decorations/white_grill": {
    "criteria": {
      "has_iron": "2024-06-28 01:09:39 +0000"
    },
    "done": true
  },
  "minecraft:recipes/redstone/dark_oak_door": {
    "criteria": {
      "has_planks": "2024-06-28 00:17:31 +0000"
    },
    "done": true
  },
  "minecraft:recipes/combat/shield": {
    "criteria": {
      "has_iron_ingot": "2024-06-28 01:09:39 +0000"
    },
    "done": true
  },
  "minecraft:recipes/food/dried_kelp_from_smoking": {
    "criteria": {
      "has_kelp": "2024-06-28 01:17:10 +0000"
    },
    "done": true
  },
  "minecraft:recipes/redstone/hopper": {
    "criteria": {
      "has_iron_ingot": "2024-06-28 01:09:39 +0000"
    },
    "done": true
  },
  "biomesoplenty:recipes/decorations/mahogany_fence": {
    "criteria": {
      "has_planks": "2024-06-28 00:10:19 +0000"
    },
    "done": true
  },
  "cfm:recipes/decorations/yellow_trampoline": {
    "criteria": {
      "has_iron": "2024-06-28 01:09:39 +0000"
    },
    "done": true
  },
  "furnitura:recipes/misc/dark_oak_cabinet": {
    "criteria": {
      "has_dark_oak_planks": "2024-06-28 00:17:31 +0000"
    },
    "done": true
  },
  "cfm:recipes/decorations/stripped_jungle_desk": {
    "criteria": {
      "has_planks": "2024-06-28 00:15:49 +0000"
    },
    "done": true
  },
  "cfm:recipes/decorations/jungle_bedside_cabinet": {
    "criteria": {
      "has_log": "2024-06-28 00:15:49 +0000"
    },
    "done": true
  },
  "travelersbackpack:recipes/misc/iron": {
    "criteria": {
      "has_iron_ingot": "2024-06-28 01:09:39 +0000"
    },
    "done": true
  },
  "minecraft:recipes/decorations/iron_bars": {
    "criteria": {
      "has_iron_ingot": "2024-06-28 01:09:39 +0000"
    },
    "done": true
  },
  "cfm:recipes/decorations/stripped_spruce_kitchen_sink_light": {
    "criteria": {
      "has_bucket": "2024-06-28 00:18:58 +0000"
    },
    "done": true
  },
  "cfm:recipes/decorations/white_trampoline": {
    "criteria": {
      "has_iron": "2024-06-28 01:09:39 +0000"
    },
    "done": true
  },
  "cfm:recipes/decorations/warped_kitchen_sink_light": {
    "criteria": {
      "has_bucket": "2024-06-28 00:18:58 +0000"
    },
    "done": true
  },
  "minecraft:recipes/misc/wild_armor_trim_smithing_template": {
    "criteria": {
      "has_wild_armor_trim_smithing_template": "2024-06-28 00:17:00 +0000"
    },
    "done": true
  },
  "biomesoplenty:recipes/redstone/mahogany_pressure_plate": {
    "criteria": {
      "has_planks": "2024-06-28 00:10:19 +0000"
    },
    "done": true
  },
  "minecraft:recipes/transportation/dark_oak_chest_boat": {
    "criteria": {
      "has_boat": "2024-06-28 01:00:37 +0000"
    },
    "done": true
  },
  "cfm:recipes/decorations/stripped_birch_kitchen_sink_light": {
    "criteria": {
      "has_bucket": "2024-06-28 00:18:58 +0000"
    },
    "done": true
  },
  "cfm:recipes/decorations/blue_kitchen_sink": {
    "criteria": {
      "has_bucket": "2024-06-28 00:18:58 +0000"
    },
    "done": true
  },
  "minecraft:recipes/food/cooked_beef_from_smoking": {
    "criteria": {
      "has_beef": "2024-06-28 00:40:52 +0000"
    },
    "done": true
  },
  "minecraft:recipes/brewing/glistering_melon_slice": {
    "criteria": {
      "has_melon": "2024-06-28 00:13:37 +0000"
    },
    "done": true
  },
  "minecraft:recipes/misc/wild_armor_trim_smithing_template_smithing_trim": {
    "criteria": {
      "has_smithing_trim_template": "2024-06-28 00:17:00 +0000"
    },
    "done": true
  },
  "cfm:recipes/decorations/orange_trampoline": {
    "criteria": {
      "has_iron": "2024-06-28 01:09:39 +0000"
    },
    "done": true
  },
  "travelersbackpack:recipes/misc/iron_tier_upgrade": {
    "criteria": {
      "has_iron_ingot": "2024-06-28 01:09:39 +0000"
    },
    "done": true
  },
  "cfm:recipes/decorations/post_box": {
    "criteria": {
      "has_iron": "2024-06-28 01:09:39 +0000"
    },
    "done": true
  },
  "minecraft:recipes/transportation/bamboo_chest_raft": {
    "criteria": {
      "has_boat": "2024-06-28 01:00:37 +0000"
    },
    "done": true
  },
  "alexsmobs:alexsmobs/banana": {
    "criteria": {
      "banana": "2024-06-28 00:15:56 +0000"
    },
    "done": true
  },
  "minecraft:recipes/building_blocks/jungle_planks": {
    "criteria": {
      "has_logs": "2024-06-28 00:15:49 +0000"
    },
    "done": true
  },
  "minecraft:recipes/combat/iron_boots": {
    "criteria": {
      "has_iron_ingot": "2024-06-28 01:09:39 +0000"
    },
    "done": true
  },
  "furnitura:recipes/misc/jungle_cabinet": {
    "criteria": {
      "has_jungle_planks": "2024-06-28 00:20:08 +0000"
    },
    "done": true
  },
  "travelersbackpack:recipes/misc/hose_nozzle": {
    "criteria": {
      "has_iron": "2024-06-28 01:09:39 +0000"
    },
    "done": true
  },
  "cfm:recipes/decorations/dark_oak_bedside_cabinet": {
    "criteria": {
      "has_planks": "2024-06-28 00:17:31 +0000"
    },
    "done": true
  },
  "biomesoplenty:recipes/transportation/hellbark_boat": {
    "criteria": {
      "in_water": "2024-06-28 00:31:08 +0000"
    },
    "done": true
  },
  "minecraft:recipes/tools/stone_pickaxe": {
    "criteria": {
      "has_cobblestone": "2024-06-28 00:11:00 +0000"
    },
    "done": true
  },
  "cfm:recipes/decorations/spruce_kitchen_sink_dark": {
    "criteria": {
      "has_bucket": "2024-06-28 00:18:58 +0000"
    },
    "done": true
  },
  "furnitura:recipes/misc/jungle_shelf": {
    "criteria": {
      "has_jungle_planks": "2024-06-28 00:20:08 +0000"
    },
    "done": true
  },
  "minecraft:recipes/decorations/lantern": {
    "criteria": {
      "has_iron_nugget": "2024-06-28 00:29:33 +0000"
    },
    "done": true
  },
  "biomesoplenty:recipes/transportation/jacaranda_boat": {
    "criteria": {
      "in_water": "2024-06-28 00:31:08 +0000"
    },
    "done": true
  },
  "cfm:recipes/decorations/mangrove_kitchen_sink_light": {
    "criteria": {
      "has_bucket": "2024-06-28 00:18:58 +0000"
    },
    "done": true
  },
  "furnitura:recipes/misc/jungle_table": {
    "criteria": {
      "has_jungle_planks": "2024-06-28 00:20:08 +0000"
    },
    "done": true
  },
  "minecraft:recipes/decorations/campfire": {
    "criteria": {
      "has_stick": "2024-06-28 00:10:23 +0000"
    },
    "done": true
  },
  "biomesoplenty:recipes/transportation/mahogany_boat": {
    "criteria": {
      "in_water": "2024-06-28 00:31:08 +0000"
    },
    "done": true
  },
  "cfm:recipes/decorations/gray_grill": {
    "criteria": {
      "has_iron": "2024-06-28 01:09:39 +0000"
    },
    "done": true
  },
  "minecraft:recipes/food/cooked_beef_from_grill_cooking": {
    "criteria": {
      "has_beef": "2024-06-28 00:40:52 +0000"
    },
    "done": true
  },
  "cfm:recipes/decorations/cyan_trampoline": {
    "criteria": {
      "has_iron": "2024-06-28 01:09:39 +0000"
    },
    "done": true
  },
  "cfm:recipes/decorations/pink_kitchen_sink": {
    "criteria": {
      "has_bucket": "2024-06-28 00:18:58 +0000"
    },
    "done": true
  },
  "minecraft:recipes/redstone/jungle_trapdoor": {
    "criteria": {
      "has_planks": "2024-06-28 00:20:08 +0000"
    },
    "done": true
  },
  "minecraft:recipes/tools/wooden_hoe": {
    "criteria": {
      "has_stick": "2024-06-28 00:10:23 +0000"
    },
    "done": true
  },
  "cfm:recipes/decorations/red_trampoline": {
    "criteria": {
      "has_iron": "2024-06-28 01:09:39 +0000"
    },
    "done": true
  },
  "cfm:recipes/decorations/stripped_acacia_kitchen_sink_dark": {
    "criteria": {
      "has_bucket": "2024-06-28 00:18:58 +0000"
    },
    "done": true
  },
  "cfm:recipes/decorations/jungle_kitchen_drawer": {
    "criteria": {
      "has_log": "2024-06-28 00:15:49 +0000"
    },
    "done": true
  },
  "minecraft:recipes/misc/charcoal": {
    "criteria": {
      "has_log": "2024-06-28 00:09:56 +0000"
    },
    "done": true
  },
  "minecraft:recipes/tools/wooden_pickaxe": {
    "criteria": {
      "has_stick": "2024-06-28 00:10:23 +0000"
    },
    "done": true
  },
  "biomesoplenty:recipes/transportation/hellbark_chest_boat": {
    "criteria": {
      "has_boat": "2024-06-28 01:00:37 +0000"
    },
    "done": true
  },
  "minecraft:recipes/tools/iron_shovel": {
    "criteria": {
      "has_iron_ingot": "2024-06-28 01:09:39 +0000"
    },
    "done": true
  },
  "cfm:recipes/decorations/mangrove_kitchen_sink_dark": {
    "criteria": {
      "has_bucket": "2024-06-28 00:18:58 +0000"
    },
    "done": true
  },
  "cfm:recipes/decorations/dark_oak_chair": {
    "criteria": {
      "has_planks": "2024-06-28 00:17:31 +0000"
    },
    "done": true
  },
  "cfm:recipes/decorations/stripped_acacia_kitchen_sink_light": {
    "criteria": {
      "has_bucket": "2024-06-28 00:18:58 +0000"
    },
    "done": true
  },
  "minecraft:story/upgrade_tools": {
    "criteria": {
      "stone_pickaxe": "2024-06-28 00:12:13 +0000"
    },
    "done": true
  },
  "biomesoplenty:recipes/redstone/mahogany_button": {
    "criteria": {
      "has_planks": "2024-06-28 00:10:19 +0000"
    },
    "done": true
  },
  "biomesoplenty:recipes/transportation/palm_boat": {
    "criteria": {
      "in_water": "2024-06-28 00:31:08 +0000"
    },
    "done": true
  },
  "furnitura:recipes/misc/small_table_dark_oak": {
    "criteria": {
      "has_dark_oak_planks": "2024-06-28 00:17:31 +0000"
    },
    "done": true
  },
  "cfm:recipes/decorations/magenta_grill": {
    "criteria": {
      "has_iron": "2024-06-28 01:09:39 +0000"
    },
    "done": true
  },
  "travelersbackpack:recipes/misc/wolf": {
    "criteria": {
      "has_bone": "2024-06-28 00:17:02 +0000"
    },
    "done": true
  },
  "cfm:recipes/decorations/dark_oak_cabinet": {
    "criteria": {
      "has_planks": "2024-06-28 00:17:31 +0000"
    },
    "done": true
  },
  "travelersbackpack:recipes/misc/melon": {
    "criteria": {
      "has_melon_slice": "2024-06-28 00:13:37 +0000"
    },
    "done": true
  },
  "minecraft:recipes/decorations/jungle_sign": {
    "criteria": {
      "has_planks": "2024-06-28 00:20:08 +0000"
    },
    "done": true
  },
  "furnitura:recipes/misc/jungle_park_bench": {
    "criteria": {
      "has_jungle_planks": "2024-06-28 00:20:08 +0000"
    },
    "done": true
  },
  "cfm:recipes/decorations/purple_trampoline": {
    "criteria": {
      "has_iron": "2024-06-28 01:09:39 +0000"
    },
    "done": true
  },
  "furnitura:recipes/misc/single_leg_table_jungle": {
    "criteria": {
      "has_jungle_planks": "2024-06-28 00:20:08 +0000"
    },
    "done": true
  },
  "cfm:recipes/decorations/pink_grill": {
    "criteria": {
      "has_iron": "2024-06-28 01:09:39 +0000"
    },
    "done": true
  },
  "cfm:recipes/decorations/crimson_kitchen_sink_dark": {
    "criteria": {
      "has_bucket": "2024-06-28 00:18:58 +0000"
    },
    "done": true
  },
  "cfm:recipes/decorations/stripped_jungle_bedside_cabinet": {
    "criteria": {
      "has_planks": "2024-06-28 00:15:49 +0000"
    },
    "done": true
  },
  "minecraft:recipes/redstone/jungle_door": {
    "criteria": {
      "has_planks": "2024-06-28 00:20:08 +0000"
    },
    "done": true
  },
  "cfm:recipes/decorations/stripped_oak_kitchen_sink_light": {
    "criteria": {
      "has_bucket": "2024-06-28 00:18:58 +0000"
    },
    "done": true
  },
  "minecraft:recipes/food/dried_kelp_from_grill_cooking": {
    "criteria": {
      "has_kelp": "2024-06-28 01:17:10 +0000"
    },
    "done": true
  },
  "minecraft:recipes/building_blocks/melon": {
    "criteria": {
      "has_melon": "2024-06-28 00:13:37 +0000"
    },
    "done": true
  },
  "cfm:recipes/decorations/gray_trampoline": {
    "criteria": {
      "has_iron": "2024-06-28 01:09:39 +0000"
    },
    "done": true
  },
  "cfm:recipes/decorations/green_trampoline": {
    "criteria": {
      "has_iron": "2024-06-28 01:09:39 +0000"
    },
    "done": true
  },
  "cfm:recipes/decorations/birch_kitchen_sink_light": {
    "criteria": {
      "has_bucket": "2024-06-28 00:18:58 +0000"
    },
    "done": true
  },
  "furnitura:recipes/misc/dark_oak_crate": {
    "criteria": {
      "has_dark_oak_planks": "2024-06-28 00:17:31 +0000"
    },
    "done": true
  },
  "cfm:recipes/decorations/jungle_crate": {
    "criteria": {
      "has_log": "2024-06-28 00:15:49 +0000"
    },
    "done": true
  },
  "cfm:recipes/decorations/brown_trampoline": {
    "criteria": {
      "has_iron": "2024-06-28 01:09:39 +0000"
    },
    "done": true
  },
  "minecraft:recipes/combat/golden_sword": {
    "criteria": {
      "has_gold_ingot": "2024-06-28 00:16:57 +0000"
    },
    "done": true
  },
  "minecraft:recipes/tools/wooden_shovel": {
    "criteria": {
      "has_stick": "2024-06-28 00:10:23 +0000"
    },
    "done": true
  },
  "furnitura:recipes/misc/dark_oak_park_bench": {
    "criteria": {
      "has_dark_oak_planks": "2024-06-28 00:17:31 +0000"
    },
    "done": true
  },
  "minecraft:recipes/building_blocks/cobblestone_slab": {
    "criteria": {
      "has_cobblestone": "2024-06-28 00:11:00 +0000"
    },
    "done": true
  },
  "cfm:recipes/decorations/cyan_grill": {
    "criteria": {
      "has_iron": "2024-06-28 01:09:39 +0000"
    },
    "done": true
  },
  "cfm:recipes/decorations/black_grill": {
    "criteria": {
      "has_iron": "2024-06-28 01:09:39 +0000"
    },
    "done": true
  },
  "biomesoplenty:recipes/redstone/mahogany_trapdoor": {
    "criteria": {
      "has_planks": "2024-06-28 00:10:19 +0000"
    },
    "done": true
  },
  "minecraft:recipes/building_blocks/gold_block": {
    "criteria": {
      "has_gold_ingot": "2024-06-28 00:16:57 +0000"
    },
    "done": true
  },
  "minecraft:recipes/brewing/cauldron": {
    "criteria": {
      "has_water_bucket": "2024-06-28 00:28:09 +0000"
    },
    "done": true
  },
  "minecraft:recipes/transportation/acacia_boat": {
    "criteria": {
      "in_water": "2024-06-28 00:31:08 +0000"
    },
    "done": true
  },
  "minecraft:recipes/redstone/iron_trapdoor": {
    "criteria": {
      "has_iron_ingot": "2024-06-28 01:09:39 +0000"
    },
    "done": true
  },
  "cfm:recipes/decorations/jungle_desk_cabinet": {
    "criteria": {
      "has_log": "2024-06-28 00:15:49 +0000"
    },
    "done": true
  },
  "minecraft:adventure/root": {
    "criteria": {
      "killed_something": "2024-06-28 00:13:25 +0000"
    },
    "done": true
  },
  "minecraft:recipes/decorations/jungle_fence": {
    "criteria": {
      "has_planks": "2024-06-28 00:20:08 +0000"
    },
    "done": true
  },
  "minecraft:recipes/building_blocks/white_wool_from_string": {
    "criteria": {
      "has_string": "2024-06-28 01:12:15 +0000"
    },
    "done": true
  },
  "biomesoplenty:recipes/building_blocks/mahogany_stairs": {
    "criteria": {
      "has_planks": "2024-06-28 00:10:19 +0000"
    },
    "done": true
  },
  "furnitura:recipes/misc/dark_oak_desk": {
    "criteria": {
      "has_dark_oak_planks": "2024-06-28 00:17:31 +0000"
    },
    "done": true
  },
  "furnitura:recipes/misc/single_leg_table_dark_oak": {
    "criteria": {
      "has_dark_oak_planks": "2024-06-28 00:17:31 +0000"
    },
    "done": true
  },
  "cfm:recipes/decorations/oak_kitchen_sink_light": {
    "criteria": {
      "has_bucket": "2024-06-28 00:18:58 +0000"
    },
    "done": true
  },
  "minecraft:recipes/food/cooked_cod_from_campfire_cooking": {
    "criteria": {
      "has_cod": "2024-06-28 01:22:16 +0000"
    },
    "done": true
  },
  "minecraft:recipes/redstone/jungle_pressure_plate": {
    "criteria": {
      "has_planks": "2024-06-28 00:20:08 +0000"
    },
    "done": true
  },
  "cfm:recipes/decorations/orange_grill": {
    "criteria": {
      "has_iron": "2024-06-28 01:09:39 +0000"
    },
    "done": true
  },
  "minecraft:recipes/combat/wooden_sword": {
    "criteria": {
      "has_stick": "2024-06-28 00:10:23 +0000"
    },
    "done": true
  },
  "cfm:recipes/decorations/stripped_jungle_chair": {
    "criteria": {
      "has_planks": "2024-06-28 00:15:49 +0000"
    },
    "done": true
  },
  "minecraft:recipes/tools/iron_axe": {
    "criteria": {
      "has_iron_ingot": "2024-06-28 01:09:39 +0000"
    },
    "done": true
  },
  "cfm:recipes/decorations/magenta_trampoline": {
    "criteria": {
      "has_iron": "2024-06-28 01:09:39 +0000"
    },
    "done": true
  },
  "cfm:recipes/decorations/dark_oak_desk": {
    "criteria": {
      "has_planks": "2024-06-28 00:17:31 +0000"
    },
    "done": true
  },
  "minecraft:recipes/combat/crossbow": {
    "criteria": {
      "has_iron_ingot": "2024-06-28 01:09:39 +0000"
    },
    "done": true
  },
  "minecraft:recipes/misc/iron_nugget_from_blasting": {
    "criteria": {
      "has_iron_sword": "2024-06-28 00:16:58 +0000"
    },
    "done": true
  },
  "minecraft:adventure/kill_a_mob": {
    "criteria": {
      "minecraft:zombie": "2024-06-28 00:13:25 +0000"
    },
    "done": true
  },
  "tombstone:recipes/from_grave_dust": {
    "criteria": {
      "has_ingredient": "2024-06-28 00:34:56 +0000"
    },
    "done": true
  },
  "cfm:recipes/decorations/light_blue_trampoline": {
    "criteria": {
      "has_iron": "2024-06-28 01:09:39 +0000"
    },
    "done": true
  },
  "minecraft:recipes/decorations/barrel": {
    "criteria": {
      "has_planks": "2024-06-28 00:10:19 +0000"
    },
    "done": true
  },
  "minecraft:recipes/decorations/cobblestone_wall_from_cobblestone_stonecutting": {
    "criteria": {
      "has_cobblestone": "2024-06-28 00:11:00 +0000"
    },
    "done": true
  },
  "travelersbackpack:recipes/misc/gold_tier_upgrade": {
    "criteria": {
      "has_gold_ingot": "2024-06-28 00:16:57 +0000"
    },
    "done": true
  },
  "cfm:recipes/decorations/yellow_kitchen_sink": {
    "criteria": {
      "has_bucket": "2024-06-28 00:18:58 +0000"
    },
    "done": true
  },
  "minecraft:recipes/misc/stick_from_bamboo_item": {
    "criteria": {
      "has_bamboo": "2024-06-28 00:17:01 +0000"
    },
    "done": true
  },
  "biomesoplenty:recipes/transportation/mahogany_chest_boat": {
    "criteria": {
      "has_boat": "2024-06-28 01:00:37 +0000"
    },
    "done": true
  },
  "biomesoplenty:recipes/redstone/mahogany_door": {
    "criteria": {
      "has_planks": "2024-06-28 00:10:19 +0000"
    },
    "done": true
  },
  "minecraft:recipes/building_blocks/cobblestone_stairs_from_cobblestone_stonecutting": {
    "criteria": {
      "has_cobblestone": "2024-06-28 00:11:00 +0000"
    },
    "done": true
  },
  "minecraft:recipes/tools/golden_hoe": {
    "criteria": {
      "has_gold_ingot": "2024-06-28 00:16:57 +0000"
    },
    "done": true
  },
  "cfm:recipes/decorations/birch_kitchen_sink_dark": {
    "criteria": {
      "has_bucket": "2024-06-28 00:18:58 +0000"
    },
    "done": true
  },
  "cfm:recipes/decorations/stripped_jungle_crate": {
    "criteria": {
      "has_planks": "2024-06-28 00:15:49 +0000"
    },
    "done": true
  },
  "minecraft:husbandry/balanced_diet": {
    "criteria": {
      "cooked_beef": "2024-06-28 00:41:25 +0000",
      "cooked_cod": "2024-06-28 01:24:15 +0000",
      "melon_slice": "2024-06-28 00:13:45 +0000"
    },
    "done": false
  },
  "cfm:recipes/decorations/lime_grill": {
    "criteria": {
      "has_iron": "2024-06-28 01:09:39 +0000"
    },
    "done": true
  },
  "minecraft:recipes/food/cooked_cod": {
    "criteria": {
      "has_cod": "2024-06-28 01:22:16 +0000"
    },
    "done": true
  },
  "minecraft:recipes/building_blocks/cobblestone_stairs": {
    "criteria": {
      "has_cobblestone": "2024-06-28 00:11:00 +0000"
    },
    "done": true
  },
  "minecraft:recipes/building_blocks/bamboo_block": {
    "criteria": {
      "has_bamboo": "2024-06-28 00:17:01 +0000"
    },
    "done": true
  },
  "cfm:recipes/decorations/light_blue_kitchen_sink": {
    "criteria": {
      "has_bucket": "2024-06-28 00:18:58 +0000"
    },
    "done": true
  },
  "cfm:recipes/decorations/jungle_desk": {
    "criteria": {
      "has_log": "2024-06-28 00:15:49 +0000"
    },
    "done": true
  },
  "cfm:recipes/decorations/stripped_jungle_park_bench": {
    "criteria": {
      "has_log": "2024-06-28 00:15:49 +0000"
    },
    "done": true
  },
  "minecraft:recipes/tools/stone_hoe": {
    "criteria": {
      "has_cobblestone": "2024-06-28 00:11:00 +0000"
    },
    "done": true
  },
  "cfm:recipes/decorations/dark_oak_table": {
    "criteria": {
      "has_planks": "2024-06-28 00:17:31 +0000"
    },
    "done": true
  },
  "minecraft:recipes/decorations/dark_oak_sign": {
    "criteria": {
      "has_planks": "2024-06-28 00:17:31 +0000"
    },
    "done": true
  },
  "furnitura:recipes/misc/jungle_stump": {
    "criteria": {
      "has_jungle_planks": "2024-06-28 00:20:08 +0000"
    },
    "done": true
  },
  "biomesoplenty:recipes/transportation/umbran_chest_boat": {
    "criteria": {
      "has_boat": "2024-06-28 01:00:37 +0000"
    },
    "done": true
  },
  "tombstone:adventure/ashes_and_bones": {
    "criteria": {
      "coded_trigger": "2024-06-28 01:07:10 +0000"
    },
    "done": true
  },
  "minecraft:recipes/decorations/loom": {
    "criteria": {
      "has_string": "2024-06-28 01:12:15 +0000"
    },
    "done": true
  },
  "biomesoplenty:recipes/transportation/willow_chest_boat": {
    "criteria": {
      "has_boat": "2024-06-28 01:00:37 +0000"
    },
    "done": true
  },
  "furnitura:recipes/misc/dark_oak_shelf_extenders": {
    "criteria": {
      "has_dark_oak_planks": "2024-06-28 00:17:31 +0000"
    },
    "done": true
  },
  "minecraft:recipes/decorations/scaffolding": {
    "criteria": {
      "has_bamboo": "2024-06-28 00:17:01 +0000"
    },
    "done": true
  },
  "furnitura:recipes/misc/dark_oak_mailbox": {
    "criteria": {
      "has_dark_oak_planks": "2024-06-28 00:17:31 +0000"
    },
    "done": true
  },
  "minecraft:recipes/tools/stone_shovel": {
    "criteria": {
      "has_cobblestone": "2024-06-28 00:11:00 +0000"
    },
    "done": true
  },
  "minecraft:recipes/misc/ice_from_freezing": {
    "criteria": {
      "has_water": "2024-06-28 00:28:09 +0000"
    },
    "done": true
  },
  "cfm:recipes/decorations/dark_oak_kitchen_counter": {
    "criteria": {
      "has_planks": "2024-06-28 00:17:31 +0000"
    },
    "done": true
  },
  "furnitura:recipes/misc/dark_oak_chair": {
    "criteria": {
      "has_dark_oak_planks": "2024-06-28 00:17:31 +0000"
    },
    "done": true
  },
  "cfm:recipes/decorations/red_kitchen_sink": {
    "criteria": {
      "has_bucket": "2024-06-28 00:18:58 +0000"
    },
    "done": true
  },
  "minecraft:story/root": {
    "criteria": {
      "crafting_table": "2024-06-28 00:10:23 +0000"
    },
    "done": true
  },
  "minecraft:recipes/building_blocks/jungle_slab": {
    "criteria": {
      "has_planks": "2024-06-28 00:20:08 +0000"
    },
    "done": true
  },
  "furnitura:recipes/misc/small_table_jungle": {
    "criteria": {
      "has_jungle_planks": "2024-06-28 00:20:08 +0000"
    },
    "done": true
  },
  "minecraft:recipes/food/cooked_beef": {
    "criteria": {
      "has_beef": "2024-06-28 00:40:52 +0000"
    },
    "done": true
  },
  "minecraft:recipes/redstone/iron_door": {
    "criteria": {
      "has_iron_ingot": "2024-06-28 01:09:39 +0000"
    },
    "done": true
  },
  "cfm:recipes/decorations/red_grill": {
    "criteria": {
      "has_iron": "2024-06-28 01:09:39 +0000"
    },
    "done": true
  },
  "minecraft:recipes/misc/iron_ingot_from_nuggets": {
    "criteria": {
      "has_iron_nugget": "2024-06-28 00:29:33 +0000"
    },
    "done": true
  },
  "minecraft:recipes/transportation/jungle_boat": {
    "criteria": {
      "in_water": "2024-06-28 00:31:08 +0000"
    },
    "done": true
  },
  "cfm:recipes/decorations/cyan_kitchen_sink": {
    "criteria": {
      "has_bucket": "2024-06-28 00:18:58 +0000"
    },
    "done": true
  },
  "minecraft:recipes/redstone/heavy_weighted_pressure_plate": {
    "criteria": {
      "has_iron_ingot": "2024-06-28 01:09:39 +0000"
    },
    "done": true
  },
  "minecraft:recipes/transportation/dark_oak_boat": {
    "criteria": {
      "in_water": "2024-06-28 00:31:08 +0000"
    },
    "done": true
  },
  "minecraft:recipes/combat/golden_leggings": {
    "criteria": {
      "has_gold_ingot": "2024-06-28 00:16:57 +0000"
    },
    "done": true
  },
  "cfm:recipes/decorations/stripped_spruce_kitchen_sink_dark": {
    "criteria": {
      "has_bucket": "2024-06-28 00:18:58 +0000"
    },
    "done": true
  },
  "minecraft:recipes/food/cooked_beef_from_campfire_cooking": {
    "criteria": {
      "has_beef": "2024-06-28 00:40:52 +0000"
    },
    "done": true
  },
  "DataVersion": 3465
}