{
  "minecraft:recipes/redstone/lever": {
    "criteria": {
      "has_cobblestone": "2024-06-27 05:53:38 +0000"
    },
    "done": true
  },
  "cfm:recipes/decorations/oak_kitchen_counter": {
    "criteria": {
      "has_log": "2024-06-27 05:47:43 +0000"
    },
    "done": true
  },
  "cfm:recipes/decorations/stripped_oak_kitchen_counter": {
    "criteria": {
      "has_log": "2024-06-27 05:47:43 +0000"
    },
    "done": true
  },
  "minecraft:recipes/building_blocks/light_gray_concrete_powder": {
    "criteria": {
      "has_sand": "2024-06-27 05:39:58 +0000"
    },
    "done": true
  },
  "minecraft:recipes/building_blocks/pink_concrete_powder": {
    "criteria": {
      "has_sand": "2024-06-27 05:39:58 +0000"
    },
    "done": true
  },
  "minecraft:recipes/building_blocks/sandstone_slab": {
    "criteria": {
      "has_sandstone": "2024-06-27 05:39:59 +0000"
    },
    "done": true
  },
  "alexscaves:alexscaves/discover_dinosaur": {
    "criteria": {
      "killed_by_tremorsaurus": "2024-06-27 05:42:39 +0000"
    },
    "done": true
  },
  "cfm:recipes/decorations/oak_coffee_table": {
    "criteria": {
      "has_log": "2024-06-27 05:47:43 +0000"
    },
    "done": true
  },
  "cfm:recipes/decorations/stripped_oak_table": {
    "criteria": {
      "has_planks": "2024-06-27 05:47:43 +0000"
    },
    "done": true
  },
  "minecraft:recipes/building_blocks/red_concrete_powder": {
    "criteria": {
      "has_sand": "2024-06-27 05:39:58 +0000"
    },
    "done": true
  },
  "cfm:recipes/decorations/stripped_oak_desk_cabinet": {
    "criteria": {
      "has_planks": "2024-06-27 05:47:43 +0000"
    },
    "done": true
  },
  "minecraft:recipes/combat/stone_sword": {
    "criteria": {
      "has_cobblestone": "2024-06-27 05:53:38 +0000"
    },
    "done": true
  },
  "minecraft:recipes/decorations/cobblestone_wall": {
    "criteria": {
      "has_cobblestone": "2024-06-27 05:53:38 +0000"
    },
    "done": true
  },
  "minecraft:recipes/tools/stone_axe": {
    "criteria": {
      "has_cobblestone": "2024-06-27 05:53:38 +0000"
    },
    "done": true
  },
  "minecraft:recipes/building_blocks/brown_concrete_powder": {
    "criteria": {
      "has_sand": "2024-06-27 05:39:58 +0000"
    },
    "done": true
  },
  "cfm:recipes/decorations/oak_bedside_cabinet": {
    "criteria": {
      "has_log": "2024-06-27 05:47:43 +0000"
    },
    "done": true
  },
  "tombstone:recipes/from_grave_key": {
    "criteria": {
      "has_ingredient": "2024-06-27 05:39:39 +0000"
    },
    "done": true
  },
  "minecraft:recipes/building_blocks/light_blue_concrete_powder": {
    "criteria": {
      "has_sand": "2024-06-27 05:39:58 +0000"
    },
    "done": true
  },
  "minecraft:recipes/building_blocks/glass": {
    "criteria": {
      "has_smelts_to_glass": "2024-06-27 05:39:58 +0000"
    },
    "done": true
  },
  "minecraft:recipes/combat/bow": {
    "criteria": {
      "has_string": "2024-06-27 05:45:06 +0000"
    },
    "done": true
  },
  "minecraft:recipes/building_blocks/smooth_sandstone": {
    "criteria": {
      "has_sandstone": "2024-06-27 05:39:59 +0000"
    },
    "done": true
  },
  "minecraft:story/mine_stone": {
    "criteria": {
      "get_stone": "2024-06-27 05:53:38 +0000"
    },
    "done": true
  },
  "minecraft:recipes/decorations/furnace": {
    "criteria": {
      "has_cobblestone": "2024-06-27 05:53:38 +0000"
    },
    "done": true
  },
  "cfm:recipes/decorations/stripped_oak_bedside_cabinet": {
    "criteria": {
      "has_planks": "2024-06-27 05:47:43 +0000"
    },
    "done": true
  },
  "minecraft:recipes/building_blocks/green_concrete_powder": {
    "criteria": {
      "has_sand": "2024-06-27 05:39:58 +0000"
    },
    "done": true
  },
  "alexsmobs:alexsmobs/root": {
    "criteria": {
      "useitem": "2024-06-27 05:38:15 +0000"
    },
    "done": true
  },
  "travelersbackpack:recipes/misc/sandstone": {
    "criteria": {
      "has_sandstone": "2024-06-27 05:39:59 +0000"
    },
    "done": true
  },
  "minecraft:recipes/decorations/sandstone_wall_from_sandstone_stonecutting": {
    "criteria": {
      "has_sandstone": "2024-06-27 05:39:59 +0000"
    },
    "done": true
  },
  "minecraft:recipes/building_blocks/blue_concrete_powder": {
    "criteria": {
      "has_sand": "2024-06-27 05:39:58 +0000"
    },
    "done": true
  },
  "minecraft:recipes/building_blocks/cut_sandstone": {
    "criteria": {
      "has_sandstone": "2024-06-27 05:39:59 +0000"
    },
    "done": true
  },
  "cfm:recipes/decorations/oak_chair": {
    "criteria": {
      "has_log": "2024-06-27 05:47:43 +0000"
    },
    "done": true
  },
  "repurposed_structures:root": {
    "criteria": {
      "always": "2024-06-27 05:37:43 +0000"
    },
    "done": true
  },
  "minecraft:recipes/tools/fishing_rod": {
    "criteria": {
      "has_string": "2024-06-27 05:45:06 +0000"
    },
    "done": true
  },
  "minecraft:recipes/decorations/crafting_table": {
    "criteria": {
      "unlock_right_away": "2024-06-27 05:37:43 +0000"
    },
    "done": true
  },
  "cfm:recipes/decorations/stripped_oak_cabinet": {
    "criteria": {
      "has_log": "2024-06-27 05:47:43 +0000"
    },
    "done": true
  },
  "minecraft:recipes/decorations/chest": {
    "criteria": {
      "has_lots_of_items": "2024-06-27 05:43:48 +0000"
    },
    "done": true
  },
  "biomesoplenty:biomesoplenty/all_biomes": {
    "criteria": {
      "dryland": "2024-06-27 05:47:35 +0000"
    },
    "done": false
  },
  "minecraft:recipes/building_blocks/cobblestone_slab_from_cobblestone_stonecutting": {
    "criteria": {
      "has_cobblestone": "2024-06-27 05:53:38 +0000"
    },
    "done": true
  },
  "minecraft:recipes/building_blocks/white_concrete_powder": {
    "criteria": {
      "has_sand": "2024-06-27 05:39:58 +0000"
    },
    "done": true
  },
  "minecraft:adventure/kill_all_mobs": {
    "criteria": {
      "minecraft:skeleton": "2024-06-27 05:44:00 +0000",
      "minecraft:spider": "2024-06-27 05:45:05 +0000",
      "minecraft:creeper": "2024-06-27 05:45:14 +0000",
      "minecraft:husk": "2024-06-27 05:48:49 +0000",
      "minecraft:zombie": "2024-06-27 05:46:40 +0000"
    },
    "done": false
  },
  "cfm:recipes/decorations/oak_crate": {
    "criteria": {
      "has_log": "2024-06-27 05:47:43 +0000"
    },
    "done": true
  },
  "cfm:recipes/decorations/oak_desk_cabinet": {
    "criteria": {
      "has_log": "2024-06-27 05:47:43 +0000"
    },
    "done": true
  },
  "minecraft:recipes/food/cooked_porkchop_from_campfire_cooking": {
    "criteria": {
      "has_porkchop": "2024-06-27 05:48:42 +0000"
    },
    "done": true
  },
  "minecraft:recipes/redstone/tripwire_hook": {
    "criteria": {
      "has_string": "2024-06-27 05:45:06 +0000"
    },
    "done": true
  },
  "minecraft:recipes/misc/bone_meal": {
    "criteria": {
      "has_bone": "2024-06-27 05:44:01 +0000"
    },
    "done": true
  },
  "minecraft:recipes/building_blocks/sandstone_stairs_from_sandstone_stonecutting": {
    "criteria": {
      "has_sandstone": "2024-06-27 05:39:59 +0000"
    },
    "done": true
  },
  "travelersbackpack:recipes/misc/spider": {
    "criteria": {
      "has_string": "2024-06-27 05:45:06 +0000"
    },
    "done": true
  },
  "minecraft:recipes/building_blocks/stone": {
    "criteria": {
      "has_cobblestone": "2024-06-27 05:53:38 +0000"
    },
    "done": true
  },
  "minecraft:recipes/decorations/candle": {
    "criteria": {
      "has_string": "2024-06-27 05:45:06 +0000"
    },
    "done": true
  },
  "cfm:recipes/decorations/stripped_oak_kitchen_drawer": {
    "criteria": {
      "has_log": "2024-06-27 05:47:43 +0000"
    },
    "done": true
  },
  "minecraft:husbandry/root": {
    "criteria": {
      "consumed_item": "2024-06-27 05:38:15 +0000"
    },
    "done": true
  },
  "cfm:recipes/decorations/stripped_oak_park_bench": {
    "criteria": {
      "has_log": "2024-06-27 05:47:43 +0000"
    },
    "done": true
  },
  "cfm:recipes/decorations/stripped_oak_coffee_table": {
    "criteria": {
      "has_planks": "2024-06-27 05:47:43 +0000"
    },
    "done": true
  },
  "minecraft:nether/netherite_armor": {
    "criteria": {
      "netherite_armor": "2024-06-27 05:41:39 +0000"
    },
    "done": true
  },
  "minecraft:recipes/building_blocks/lime_concrete_powder": {
    "criteria": {
      "has_sand": "2024-06-27 05:39:58 +0000"
    },
    "done": true
  },
  "minecraft:recipes/building_blocks/sandstone_stairs": {
    "criteria": {
      "has_sandstone": "2024-06-27 05:39:59 +0000"
    },
    "done": true
  },
  "cfm:recipes/decorations/oak_upgraded_fence": {
    "criteria": {
      "has_log": "2024-06-27 05:47:43 +0000"
    },
    "done": true
  },
  "minecraft:recipes/building_blocks/orange_concrete_powder": {
    "criteria": {
      "has_sand": "2024-06-27 05:39:58 +0000"
    },
    "done": true
  },
  "minecraft:recipes/food/cooked_porkchop": {
    "criteria": {
      "has_porkchop": "2024-06-27 05:48:42 +0000"
    },
    "done": true
  },
  "travelersbackpack:recipes/misc/skeleton": {
    "criteria": {
      "has_arrow": "2024-06-27 05:44:27 +0000"
    },
    "done": true
  },
  "minecraft:recipes/tools/stone_pickaxe": {
    "criteria": {
      "has_cobblestone": "2024-06-27 05:53:38 +0000"
    },
    "done": true
  },
  "dungeons_arise:wda_root": {
    "criteria": {
      "WDA": "2024-06-27 05:37:43 +0000"
    },
    "done": true
  },
  "minecraft:recipes/building_blocks/magenta_concrete_powder": {
    "criteria": {
      "has_sand": "2024-06-27 05:39:58 +0000"
    },
    "done": true
  },
  "minecraft:recipes/building_blocks/cut_sandstone_from_sandstone_stonecutting": {
    "criteria": {
      "has_sandstone": "2024-06-27 05:39:59 +0000"
    },
    "done": true
  },
  "minecraft:recipes/building_blocks/chiseled_sandstone_from_sandstone_stonecutting": {
    "criteria": {
      "has_sandstone": "2024-06-27 05:39:59 +0000"
    },
    "done": true
  },
  "tombstone:adventure/first_grave": {
    "criteria": {
      "coded_trigger": "2024-06-27 05:39:35 +0000"
    },
    "done": true
  },
  "cfm:recipes/decorations/oak_park_bench": {
    "criteria": {
      "has_log": "2024-06-27 05:47:43 +0000"
    },
    "done": true
  },
  "minecraft:recipes/misc/charcoal": {
    "criteria": {
      "has_log": "2024-06-27 05:47:43 +0000"
    },
    "done": true
  },
  "cfm:recipes/decorations/oak_upgraded_gate": {
    "criteria": {
      "has_log": "2024-06-27 05:47:43 +0000"
    },
    "done": true
  },
  "cfm:recipes/decorations/oak_desk": {
    "criteria": {
      "has_log": "2024-06-27 05:47:43 +0000"
    },
    "done": true
  },
  "cfm:recipes/decorations/oak_blinds": {
    "criteria": {
      "has_log": "2024-06-27 05:47:43 +0000"
    },
    "done": true
  },
  "travelersbackpack:recipes/misc/wolf": {
    "criteria": {
      "has_bone": "2024-06-27 05:44:01 +0000"
    },
    "done": true
  },
  "minecraft:recipes/building_blocks/cut_sandstone_slab_from_sandstone_stonecutting": {
    "criteria": {
      "has_sandstone": "2024-06-27 05:39:59 +0000"
    },
    "done": true
  },
  "biomesoplenty:biomesoplenty/root": {
    "criteria": {
      "dryland": "2024-06-27 05:47:35 +0000"
    },
    "done": true
  },
  "minecraft:recipes/building_blocks/sandstone_slab_from_sandstone_stonecutting": {
    "criteria": {
      "has_sandstone": "2024-06-27 05:39:59 +0000"
    },
    "done": true
  },
  "minecraft:recipes/food/cooked_porkchop_from_grill_cooking": {
    "criteria": {
      "has_porkchop": "2024-06-27 05:48:42 +0000"
    },
    "done": true
  },
  "minecraft:recipes/building_blocks/yellow_concrete_powder": {
    "criteria": {
      "has_sand": "2024-06-27 05:39:58 +0000"
    },
    "done": true
  },
  "minecraft:recipes/building_blocks/cobblestone_slab": {
    "criteria": {
      "has_cobblestone": "2024-06-27 05:53:38 +0000"
    },
    "done": true
  },
  "minecraft:recipes/building_blocks/sandstone": {
    "criteria": {
      "has_sand": "2024-06-27 05:39:58 +0000"
    },
    "done": true
  },
  "minecraft:adventure/root": {
    "criteria": {
      "killed_something": "2024-06-27 05:39:09 +0000"
    },
    "done": true
  },
  "minecraft:recipes/building_blocks/white_wool_from_string": {
    "criteria": {
      "has_string": "2024-06-27 05:45:06 +0000"
    },
    "done": true
  },
  "cfm:recipes/decorations/stripped_oak_chair": {
    "criteria": {
      "has_planks": "2024-06-27 05:47:43 +0000"
    },
    "done": true
  },
  "cfm:recipes/decorations/oak_table": {
    "criteria": {
      "has_log": "2024-06-27 05:47:43 +0000"
    },
    "done": true
  },
  "minecraft:recipes/building_blocks/oak_planks": {
    "criteria": {
      "has_logs": "2024-06-27 05:47:43 +0000"
    },
    "done": true
  },
  "minecraft:recipes/building_blocks/gray_concrete_powder": {
    "criteria": {
      "has_sand": "2024-06-27 05:39:58 +0000"
    },
    "done": true
  },
  "minecraft:recipes/building_blocks/black_concrete_powder": {
    "criteria": {
      "has_sand": "2024-06-27 05:39:58 +0000"
    },
    "done": true
  },
  "minecraft:recipes/combat/crossbow": {
    "criteria": {
      "has_string": "2024-06-27 05:45:06 +0000"
    },
    "done": true
  },
  "cfm:recipes/decorations/oak_cabinet": {
    "criteria": {
      "has_log": "2024-06-27 05:47:43 +0000"
    },
    "done": true
  },
  "minecraft:recipes/food/cooked_porkchop_from_smoking": {
    "criteria": {
      "has_porkchop": "2024-06-27 05:48:42 +0000"
    },
    "done": true
  },
  "minecraft:adventure/kill_a_mob": {
    "criteria": {
      "minecraft:skeleton": "2024-06-27 05:44:00 +0000"
    },
    "done": true
  },
  "minecraft:adventure/adventuring_time": {
    "criteria": {
      "minecraft:river": "2024-06-27 05:49:10 +0000",
      "minecraft:desert": "2024-06-27 05:37:44 +0000"
    },
    "done": false
  },
  "minecraft:recipes/decorations/cobblestone_wall_from_cobblestone_stonecutting": {
    "criteria": {
      "has_cobblestone": "2024-06-27 05:53:38 +0000"
    },
    "done": true
  },
  "minecraft:recipes/decorations/sandstone_wall": {
    "criteria": {
      "has_sandstone": "2024-06-27 05:39:59 +0000"
    },
    "done": true
  },
  "minecraft:recipes/building_blocks/cobblestone_stairs_from_cobblestone_stonecutting": {
    "criteria": {
      "has_cobblestone": "2024-06-27 05:53:38 +0000"
    },
    "done": true
  },
  "minecraft:husbandry/balanced_diet": {
    "criteria": {
      "porkchop": "2024-06-27 05:50:23 +0000"
    },
    "done": false
  },
  "minecraft:recipes/building_blocks/cobblestone_stairs": {
    "criteria": {
      "has_cobblestone": "2024-06-27 05:53:38 +0000"
    },
    "done": true
  },
  "cfm:recipes/decorations/oak_kitchen_drawer": {
    "criteria": {
      "has_log": "2024-06-27 05:47:43 +0000"
    },
    "done": true
  },
  "minecraft:recipes/building_blocks/purple_concrete_powder": {
    "criteria": {
      "has_sand": "2024-06-27 05:39:58 +0000"
    },
    "done": true
  },
  "minecraft:recipes/tools/stone_hoe": {
    "criteria": {
      "has_cobblestone": "2024-06-27 05:53:38 +0000"
    },
    "done": true
  },
  "minecraft:recipes/building_blocks/cyan_concrete_powder": {
    "criteria": {
      "has_sand": "2024-06-27 05:39:58 +0000"
    },
    "done": true
  },
  "travelersbackpack:recipes/misc/pig": {
    "criteria": {
      "has_porkchop": "2024-06-27 05:48:42 +0000"
    },
    "done": true
  },
  "minecraft:recipes/decorations/loom": {
    "criteria": {
      "has_string": "2024-06-27 05:45:06 +0000"
    },
    "done": true
  },
  "minecraft:recipes/tools/stone_shovel": {
    "criteria": {
      "has_cobblestone": "2024-06-27 05:53:38 +0000"
    },
    "done": true
  },
  "tombstone:adventure/root": {
    "criteria": {
      "auto": "2024-06-27 05:37:44 +0000"
    },
    "done": true
  },
  "minecraft:recipes/building_blocks/oak_wood": {
    "criteria": {
      "has_log": "2024-06-27 05:47:43 +0000"
    },
    "done": true
  },
  "cfm:recipes/decorations/stripped_oak_desk": {
    "criteria": {
      "has_planks": "2024-06-27 05:47:43 +0000"
    },
    "done": true
  },
  "cfm:recipes/decorations/stripped_oak_crate": {
    "criteria": {
      "has_planks": "2024-06-27 05:47:43 +0000"
    },
    "done": true
  },
  "DataVersion": 3465
}