{
  "repurposed_structures:root": {
    "criteria": {
      "always": "2024-06-28 00:08:24 +0000"
    },
    "done": true
  },
  "minecraft:recipes/decorations/crafting_table": {
    "criteria": {
      "unlock_right_away": "2024-06-28 00:08:24 +0000"
    },
    "done": true
  },
  "dungeons_arise:wda_root": {
    "criteria": {
      "WDA": "2024-06-28 00:08:24 +0000"
    },
    "done": true
  },
  "biomesoplenty:biomesoplenty/all_biomes": {
    "criteria": {
      "spider_nest": "2024-06-28 00:17:37 +0000",
      "rocky_rainforest": "2024-06-28 00:22:23 +0000",
      "volcanic_plains": "2024-06-28 00:17:06 +0000",
      "grassland": "2024-06-28 00:29:02 +0000",
      "rainforest": "2024-06-28 00:08:25 +0000"
    },
    "done": false
  },
  "biomesoplenty:biomesoplenty/root": {
    "criteria": {
      "rainforest": "2024-06-28 00:08:25 +0000"
    },
    "done": true
  },
  "tombstone:adventure/root": {
    "criteria": {
      "auto": "2024-06-28 00:08:25 +0000"
    },
    "done": true
  },
  "biomesoplenty:recipes/building_blocks/mahogany_wood": {
    "criteria": {
      "has_log": "2024-06-28 00:10:01 +0000"
    },
    "done": true
  },
  "biomesoplenty:recipes/building_blocks/mahogany_planks": {
    "criteria": {
      "has_logs": "2024-06-28 00:10:01 +0000"
    },
    "done": true
  },
  "minecraft:recipes/misc/charcoal": {
    "criteria": {
      "has_log": "2024-06-28 00:10:01 +0000"
    },
    "done": true
  },
  "cfm:recipes/decorations/jungle_cabinet": {
    "criteria": {
      "has_log": "2024-06-28 00:11:03 +0000"
    },
    "done": true
  },
  "cfm:recipes/decorations/stripped_jungle_kitchen_drawer": {
    "criteria": {
      "has_log": "2024-06-28 00:11:03 +0000"
    },
    "done": true
  },
  "cfm:recipes/decorations/stripped_jungle_coffee_table": {
    "criteria": {
      "has_planks": "2024-06-28 00:11:03 +0000"
    },
    "done": true
  },
  "cfm:recipes/decorations/jungle_chair": {
    "criteria": {
      "has_log": "2024-06-28 00:11:03 +0000"
    },
    "done": true
  },
  "minecraft:recipes/building_blocks/jungle_wood": {
    "criteria": {
      "has_log": "2024-06-28 00:11:03 +0000"
    },
    "done": true
  },
  "cfm:recipes/decorations/jungle_coffee_table": {
    "criteria": {
      "has_log": "2024-06-28 00:11:03 +0000"
    },
    "done": true
  },
  "cfm:recipes/decorations/jungle_blinds": {
    "criteria": {
      "has_log": "2024-06-28 00:11:03 +0000"
    },
    "done": true
  },
  "cfm:recipes/decorations/stripped_jungle_cabinet": {
    "criteria": {
      "has_log": "2024-06-28 00:11:03 +0000"
    },
    "done": true
  },
  "cfm:recipes/decorations/stripped_jungle_desk_cabinet": {
    "criteria": {
      "has_planks": "2024-06-28 00:11:03 +0000"
    },
    "done": true
  },
  "cfm:recipes/decorations/jungle_upgraded_gate": {
    "criteria": {
      "has_log": "2024-06-28 00:11:03 +0000"
    },
    "done": true
  },
  "cfm:recipes/decorations/stripped_jungle_kitchen_counter": {
    "criteria": {
      "has_log": "2024-06-28 00:11:03 +0000"
    },
    "done": true
  },
  "cfm:recipes/decorations/jungle_kitchen_counter": {
    "criteria": {
      "has_log": "2024-06-28 00:11:03 +0000"
    },
    "done": true
  },
  "cfm:recipes/decorations/stripped_jungle_table": {
    "criteria": {
      "has_planks": "2024-06-28 00:11:03 +0000"
    },
    "done": true
  },
  "cfm:recipes/decorations/jungle_park_bench": {
    "criteria": {
      "has_log": "2024-06-28 00:11:03 +0000"
    },
    "done": true
  },
  "cfm:recipes/decorations/jungle_upgraded_fence": {
    "criteria": {
      "has_log": "2024-06-28 00:11:03 +0000"
    },
    "done": true
  },
  "cfm:recipes/decorations/jungle_table": {
    "criteria": {
      "has_log": "2024-06-28 00:11:03 +0000"
    },
    "done": true
  },
  "cfm:recipes/decorations/stripped_jungle_desk": {
    "criteria": {
      "has_planks": "2024-06-28 00:11:03 +0000"
    },
    "done": true
  },
  "cfm:recipes/decorations/jungle_bedside_cabinet": {
    "criteria": {
      "has_log": "2024-06-28 00:11:03 +0000"
    },
    "done": true
  },
  "minecraft:recipes/building_blocks/jungle_planks": {
    "criteria": {
      "has_logs": "2024-06-28 00:11:03 +0000"
    },
    "done": true
  },
  "cfm:recipes/decorations/jungle_kitchen_drawer": {
    "criteria": {
      "has_log": "2024-06-28 00:11:03 +0000"
    },
    "done": true
  },
  "cfm:recipes/decorations/stripped_jungle_bedside_cabinet": {
    "criteria": {
      "has_planks": "2024-06-28 00:11:03 +0000"
    },
    "done": true
  },
  "cfm:recipes/decorations/jungle_crate": {
    "criteria": {
      "has_log": "2024-06-28 00:11:03 +0000"
    },
    "done": true
  },
  "cfm:recipes/decorations/jungle_desk_cabinet": {
    "criteria": {
      "has_log": "2024-06-28 00:11:03 +0000"
    },
    "done": true
  },
  "cfm:recipes/decorations/stripped_jungle_chair": {
    "criteria": {
      "has_planks": "2024-06-28 00:11:03 +0000"
    },
    "done": true
  },
  "cfm:recipes/decorations/stripped_jungle_crate": {
    "criteria": {
      "has_planks": "2024-06-28 00:11:03 +0000"
    },
    "done": true
  },
  "cfm:recipes/decorations/jungle_desk": {
    "criteria": {
      "has_log": "2024-06-28 00:11:03 +0000"
    },
    "done": true
  },
  "cfm:recipes/decorations/stripped_jungle_park_bench": {
    "criteria": {
      "has_log": "2024-06-28 00:11:03 +0000"
    },
    "done": true
  },
  "cfm:recipes/decorations/jungle_kitchen_sink_dark": {
    "criteria": {
      "has_bottom": "2024-06-28 00:11:34 +0000"
    },
    "done": true
  },
  "furnitura:recipes/misc/jungle_chair": {
    "criteria": {
      "has_jungle_planks": "2024-06-28 00:11:34 +0000"
    },
    "done": true
  },
  "furnitura:recipes/misc/jungle_mailbox": {
    "criteria": {
      "has_jungle_planks": "2024-06-28 00:11:34 +0000"
    },
    "done": true
  },
  "furnitura:recipes/misc/jungle_shelf_extenders": {
    "criteria": {
      "has_jungle_planks": "2024-06-28 00:11:34 +0000"
    },
    "done": true
  },
  "furnitura:recipes/misc/jungle_crate": {
    "criteria": {
      "has_jungle_planks": "2024-06-28 00:11:34 +0000"
    },
    "done": true
  },
  "minecraft:recipes/misc/stick": {
    "criteria": {
      "has_planks": "2024-06-28 00:11:34 +0000"
    },
    "done": true
  },
  "cfm:recipes/decorations/jungle_kitchen_sink_light": {
    "criteria": {
      "has_bottom": "2024-06-28 00:11:34 +0000"
    },
    "done": true
  },
  "minecraft:recipes/redstone/jungle_button": {
    "criteria": {
      "has_planks": "2024-06-28 00:11:34 +0000"
    },
    "done": true
  },
  "furnitura:recipes/misc/jungle_desk": {
    "criteria": {
      "has_jungle_planks": "2024-06-28 00:11:34 +0000"
    },
    "done": true
  },
  "furnitura:recipes/misc/jungle_stool": {
    "criteria": {
      "has_jungle_planks": "2024-06-28 00:11:34 +0000"
    },
    "done": true
  },
  "minecraft:recipes/building_blocks/jungle_stairs": {
    "criteria": {
      "has_planks": "2024-06-28 00:11:34 +0000"
    },
    "done": true
  },
  "minecraft:recipes/redstone/jungle_fence_gate": {
    "criteria": {
      "has_planks": "2024-06-28 00:11:34 +0000"
    },
    "done": true
  },
  "furnitura:recipes/misc/jungle_log_shelf": {
    "criteria": {
      "has_jungle_planks": "2024-06-28 00:11:34 +0000"
    },
    "done": true
  },
  "furnitura:recipes/misc/jungle_cabinet": {
    "criteria": {
      "has_jungle_planks": "2024-06-28 00:11:34 +0000"
    },
    "done": true
  },
  "furnitura:recipes/misc/jungle_shelf": {
    "criteria": {
      "has_jungle_planks": "2024-06-28 00:11:34 +0000"
    },
    "done": true
  },
  "furnitura:recipes/misc/jungle_table": {
    "criteria": {
      "has_jungle_planks": "2024-06-28 00:11:34 +0000"
    },
    "done": true
  },
  "minecraft:recipes/redstone/jungle_trapdoor": {
    "criteria": {
      "has_planks": "2024-06-28 00:11:34 +0000"
    },
    "done": true
  },
  "minecraft:recipes/decorations/jungle_sign": {
    "criteria": {
      "has_planks": "2024-06-28 00:11:34 +0000"
    },
    "done": true
  },
  "furnitura:recipes/misc/jungle_park_bench": {
    "criteria": {
      "has_jungle_planks": "2024-06-28 00:11:34 +0000"
    },
    "done": true
  },
  "furnitura:recipes/misc/single_leg_table_jungle": {
    "criteria": {
      "has_jungle_planks": "2024-06-28 00:11:34 +0000"
    },
    "done": true
  },
  "minecraft:recipes/redstone/jungle_door": {
    "criteria": {
      "has_planks": "2024-06-28 00:11:34 +0000"
    },
    "done": true
  },
  "minecraft:recipes/decorations/jungle_fence": {
    "criteria": {
      "has_planks": "2024-06-28 00:11:34 +0000"
    },
    "done": true
  },
  "minecraft:recipes/redstone/jungle_pressure_plate": {
    "criteria": {
      "has_planks": "2024-06-28 00:11:34 +0000"
    },
    "done": true
  },
  "minecraft:recipes/decorations/barrel": {
    "criteria": {
      "has_planks": "2024-06-28 00:11:34 +0000"
    },
    "done": true
  },
  "furnitura:recipes/misc/jungle_stump": {
    "criteria": {
      "has_jungle_planks": "2024-06-28 00:11:34 +0000"
    },
    "done": true
  },
  "minecraft:recipes/building_blocks/jungle_slab": {
    "criteria": {
      "has_planks": "2024-06-28 00:11:34 +0000"
    },
    "done": true
  },
  "furnitura:recipes/misc/small_table_jungle": {
    "criteria": {
      "has_jungle_planks": "2024-06-28 00:11:34 +0000"
    },
    "done": true
  },
  "travelersbackpack:recipes/misc/crafting_upgrade": {
    "criteria": {
      "has_crafting_table": "2024-06-28 00:11:40 +0000"
    },
    "done": true
  },
  "minecraft:story/root": {
    "criteria": {
      "crafting_table": "2024-06-28 00:11:40 +0000"
    },
    "done": true
  },
  "biomesoplenty:recipes/redstone/mahogany_fence_gate": {
    "criteria": {
      "has_planks": "2024-06-28 00:11:41 +0000"
    },
    "done": true
  },
  "biomesoplenty:recipes/building_blocks/mahogany_slab": {
    "criteria": {
      "has_planks": "2024-06-28 00:11:41 +0000"
    },
    "done": true
  },
  "biomesoplenty:recipes/decorations/mahogany_sign": {
    "criteria": {
      "has_mahogany_planks": "2024-06-28 00:11:41 +0000"
    },
    "done": true
  },
  "biomesoplenty:recipes/decorations/mahogany_fence": {
    "criteria": {
      "has_planks": "2024-06-28 00:11:41 +0000"
    },
    "done": true
  },
  "biomesoplenty:recipes/redstone/mahogany_pressure_plate": {
    "criteria": {
      "has_planks": "2024-06-28 00:11:41 +0000"
    },
    "done": true
  },
  "biomesoplenty:recipes/redstone/mahogany_button": {
    "criteria": {
      "has_planks": "2024-06-28 00:11:41 +0000"
    },
    "done": true
  },
  "biomesoplenty:recipes/redstone/mahogany_trapdoor": {
    "criteria": {
      "has_planks": "2024-06-28 00:11:41 +0000"
    },
    "done": true
  },
  "biomesoplenty:recipes/building_blocks/mahogany_stairs": {
    "criteria": {
      "has_planks": "2024-06-28 00:11:41 +0000"
    },
    "done": true
  },
  "biomesoplenty:recipes/redstone/mahogany_door": {
    "criteria": {
      "has_planks": "2024-06-28 00:11:41 +0000"
    },
    "done": true
  },
  "minecraft:recipes/decorations/ladder": {
    "criteria": {
      "has_stick": "2024-06-28 00:11:53 +0000"
    },
    "done": true
  },
  "minecraft:recipes/tools/wooden_axe": {
    "criteria": {
      "has_stick": "2024-06-28 00:11:53 +0000"
    },
    "done": true
  },
  "minecraft:recipes/decorations/campfire": {
    "criteria": {
      "has_stick": "2024-06-28 00:11:53 +0000"
    },
    "done": true
  },
  "minecraft:recipes/tools/wooden_hoe": {
    "criteria": {
      "has_stick": "2024-06-28 00:11:53 +0000"
    },
    "done": true
  },
  "minecraft:recipes/tools/wooden_pickaxe": {
    "criteria": {
      "has_stick": "2024-06-28 00:11:53 +0000"
    },
    "done": true
  },
  "minecraft:recipes/tools/wooden_shovel": {
    "criteria": {
      "has_stick": "2024-06-28 00:11:53 +0000"
    },
    "done": true
  },
  "minecraft:recipes/combat/wooden_sword": {
    "criteria": {
      "has_stick": "2024-06-28 00:11:53 +0000"
    },
    "done": true
  },
  "minecraft:recipes/decorations/chest": {
    "criteria": {
      "has_lots_of_items": "2024-06-28 00:12:39 +0000"
    },
    "done": true
  },
  "minecraft:recipes/redstone/lever": {
    "criteria": {
      "has_cobblestone": "2024-06-28 00:13:22 +0000"
    },
    "done": true
  },
  "minecraft:recipes/combat/stone_sword": {
    "criteria": {
      "has_cobblestone": "2024-06-28 00:13:22 +0000"
    },
    "done": true
  },
  "minecraft:recipes/decorations/cobblestone_wall": {
    "criteria": {
      "has_cobblestone": "2024-06-28 00:13:22 +0000"
    },
    "done": true
  },
  "minecraft:recipes/tools/stone_axe": {
    "criteria": {
      "has_cobblestone": "2024-06-28 00:13:22 +0000"
    },
    "done": true
  },
  "minecraft:story/mine_stone": {
    "criteria": {
      "get_stone": "2024-06-28 00:13:22 +0000"
    },
    "done": true
  },
  "minecraft:recipes/decorations/furnace": {
    "criteria": {
      "has_cobblestone": "2024-06-28 00:13:22 +0000"
    },
    "done": true
  },
  "minecraft:recipes/building_blocks/cobblestone_slab_from_cobblestone_stonecutting": {
    "criteria": {
      "has_cobblestone": "2024-06-28 00:13:22 +0000"
    },
    "done": true
  },
  "minecraft:recipes/building_blocks/stone": {
    "criteria": {
      "has_cobblestone": "2024-06-28 00:13:22 +0000"
    },
    "done": true
  },
  "minecraft:recipes/tools/stone_pickaxe": {
    "criteria": {
      "has_cobblestone": "2024-06-28 00:13:22 +0000"
    },
    "done": true
  },
  "minecraft:recipes/building_blocks/cobblestone_slab": {
    "criteria": {
      "has_cobblestone": "2024-06-28 00:13:22 +0000"
    },
    "done": true
  },
  "minecraft:recipes/decorations/cobblestone_wall_from_cobblestone_stonecutting": {
    "criteria": {
      "has_cobblestone": "2024-06-28 00:13:22 +0000"
    },
    "done": true
  },
  "minecraft:recipes/building_blocks/cobblestone_stairs_from_cobblestone_stonecutting": {
    "criteria": {
      "has_cobblestone": "2024-06-28 00:13:22 +0000"
    },
    "done": true
  },
  "minecraft:recipes/building_blocks/cobblestone_stairs": {
    "criteria": {
      "has_cobblestone": "2024-06-28 00:13:22 +0000"
    },
    "done": true
  },
  "minecraft:recipes/tools/stone_hoe": {
    "criteria": {
      "has_cobblestone": "2024-06-28 00:13:22 +0000"
    },
    "done": true
  },
  "minecraft:recipes/tools/stone_shovel": {
    "criteria": {
      "has_cobblestone": "2024-06-28 00:13:22 +0000"
    },
    "done": true
  },
  "biomesoplenty:recipes/transportation/willow_boat": {
    "criteria": {
      "in_water": "2024-06-28 00:17:22 +0000"
    },
    "done": true
  },
  "biomesoplenty:recipes/transportation/fir_boat": {
    "criteria": {
      "in_water": "2024-06-28 00:17:22 +0000"
    },
    "done": true
  },
  "minecraft:recipes/transportation/cherry_boat": {
    "criteria": {
      "in_water": "2024-06-28 00:17:22 +0000"
    },
    "done": true
  },
  "biomesoplenty:recipes/transportation/umbran_boat": {
    "criteria": {
      "in_water": "2024-06-28 00:17:22 +0000"
    },
    "done": true
  },
  "minecraft:recipes/transportation/bamboo_raft": {
    "criteria": {
      "in_water": "2024-06-28 00:17:22 +0000"
    },
    "done": true
  },
  "biomesoplenty:recipes/transportation/dead_boat": {
    "criteria": {
      "in_water": "2024-06-28 00:17:22 +0000"
    },
    "done": true
  },
  "minecraft:recipes/transportation/spruce_boat": {
    "criteria": {
      "in_water": "2024-06-28 00:17:22 +0000"
    },
    "done": true
  },
  "biomesoplenty:recipes/transportation/magic_boat": {
    "criteria": {
      "in_water": "2024-06-28 00:17:22 +0000"
    },
    "done": true
  },
  "minecraft:recipes/transportation/birch_boat": {
    "criteria": {
      "in_water": "2024-06-28 00:17:22 +0000"
    },
    "done": true
  },
  "minecraft:recipes/transportation/oak_boat": {
    "criteria": {
      "in_water": "2024-06-28 00:17:22 +0000"
    },
    "done": true
  },
  "biomesoplenty:recipes/transportation/redwood_boat": {
    "criteria": {
      "in_water": "2024-06-28 00:17:22 +0000"
    },
    "done": true
  },
  "minecraft:recipes/transportation/mangrove_boat": {
    "criteria": {
      "in_water": "2024-06-28 00:17:22 +0000"
    },
    "done": true
  },
  "biomesoplenty:recipes/transportation/hellbark_boat": {
    "criteria": {
      "in_water": "2024-06-28 00:17:22 +0000"
    },
    "done": true
  },
  "biomesoplenty:recipes/transportation/jacaranda_boat": {
    "criteria": {
      "in_water": "2024-06-28 00:17:22 +0000"
    },
    "done": true
  },
  "biomesoplenty:recipes/transportation/mahogany_boat": {
    "criteria": {
      "in_water": "2024-06-28 00:17:22 +0000"
    },
    "done": true
  },
  "biomesoplenty:recipes/transportation/palm_boat": {
    "criteria": {
      "in_water": "2024-06-28 00:17:22 +0000"
    },
    "done": true
  },
  "minecraft:recipes/transportation/acacia_boat": {
    "criteria": {
      "in_water": "2024-06-28 00:17:22 +0000"
    },
    "done": true
  },
  "minecraft:recipes/transportation/jungle_boat": {
    "criteria": {
      "in_water": "2024-06-28 00:17:22 +0000"
    },
    "done": true
  },
  "minecraft:recipes/transportation/dark_oak_boat": {
    "criteria": {
      "in_water": "2024-06-28 00:17:22 +0000"
    },
    "done": true
  },
  "minecraft:recipes/decorations/torch": {
    "criteria": {
      "has_stone_pickaxe": "2024-06-28 00:18:56 +0000"
    },
    "done": true
  },
  "minecraft:story/upgrade_tools": {
    "criteria": {
      "stone_pickaxe": "2024-06-28 00:18:56 +0000"
    },
    "done": true
  },
  "minecraft:adventure/adventuring_time": {
    "criteria": {
      "minecraft:beach": "2024-06-28 00:43:44 +0000",
      "minecraft:river": "2024-06-28 00:22:09 +0000"
    },
    "done": false
  },
  "minecraft:recipes/building_blocks/coarse_dirt": {
    "criteria": {
      "has_gravel": "2024-06-28 00:22:59 +0000"
    },
    "done": true
  },
  "minecraft:recipes/building_blocks/light_gray_concrete_powder": {
    "criteria": {
      "has_gravel": "2024-06-28 00:22:59 +0000"
    },
    "done": true
  },
  "minecraft:recipes/building_blocks/pink_concrete_powder": {
    "criteria": {
      "has_gravel": "2024-06-28 00:22:59 +0000"
    },
    "done": true
  },
  "minecraft:recipes/building_blocks/red_concrete_powder": {
    "criteria": {
      "has_gravel": "2024-06-28 00:22:59 +0000"
    },
    "done": true
  },
  "minecraft:recipes/building_blocks/brown_concrete_powder": {
    "criteria": {
      "has_gravel": "2024-06-28 00:22:59 +0000"
    },
    "done": true
  },
  "minecraft:recipes/building_blocks/light_blue_concrete_powder": {
    "criteria": {
      "has_gravel": "2024-06-28 00:22:59 +0000"
    },
    "done": true
  },
  "minecraft:recipes/building_blocks/green_concrete_powder": {
    "criteria": {
      "has_gravel": "2024-06-28 00:22:59 +0000"
    },
    "done": true
  },
  "minecraft:recipes/building_blocks/blue_concrete_powder": {
    "criteria": {
      "has_gravel": "2024-06-28 00:22:59 +0000"
    },
    "done": true
  },
  "minecraft:recipes/building_blocks/white_concrete_powder": {
    "criteria": {
      "has_gravel": "2024-06-28 00:22:59 +0000"
    },
    "done": true
  },
  "minecraft:recipes/building_blocks/lime_concrete_powder": {
    "criteria": {
      "has_gravel": "2024-06-28 00:22:59 +0000"
    },
    "done": true
  },
  "minecraft:recipes/building_blocks/orange_concrete_powder": {
    "criteria": {
      "has_gravel": "2024-06-28 00:22:59 +0000"
    },
    "done": true
  },
  "minecraft:recipes/building_blocks/magenta_concrete_powder": {
    "criteria": {
      "has_gravel": "2024-06-28 00:22:59 +0000"
    },
    "done": true
  },
  "minecraft:recipes/building_blocks/yellow_concrete_powder": {
    "criteria": {
      "has_gravel": "2024-06-28 00:22:59 +0000"
    },
    "done": true
  },
  "minecraft:recipes/building_blocks/gray_concrete_powder": {
    "criteria": {
      "has_gravel": "2024-06-28 00:22:59 +0000"
    },
    "done": true
  },
  "minecraft:recipes/building_blocks/black_concrete_powder": {
    "criteria": {
      "has_gravel": "2024-06-28 00:22:59 +0000"
    },
    "done": true
  },
  "minecraft:recipes/building_blocks/purple_concrete_powder": {
    "criteria": {
      "has_gravel": "2024-06-28 00:22:59 +0000"
    },
    "done": true
  },
  "minecraft:recipes/building_blocks/cyan_concrete_powder": {
    "criteria": {
      "has_gravel": "2024-06-28 00:22:59 +0000"
    },
    "done": true
  },
  "tombstone:adventure/first_grave": {
    "criteria": {
      "coded_trigger": "2024-06-28 00:24:00 +0000"
    },
    "done": true
  },
  "minecraft:adventure/root": {
    "criteria": {
      "killed_by_something": "2024-06-28 00:24:00 +0000"
    },
    "done": true
  },
  "tombstone:recipes/from_grave_key": {
    "criteria": {
      "has_ingredient": "2024-06-28 00:24:02 +0000"
    },
    "done": true
  },
  "alexsmobs:alexsmobs/root": {
    "criteria": {
      "useitem": "2024-06-28 00:26:13 +0000"
    },
    "done": true
  },
  "minecraft:husbandry/root": {
    "criteria": {
      "consumed_item": "2024-06-28 00:26:13 +0000"
    },
    "done": true
  },
  "minecraft:recipes/misc/melon_seeds": {
    "criteria": {
      "has_melon": "2024-06-28 00:27:37 +0000"
    },
    "done": true
  },
  "minecraft:recipes/brewing/glistering_melon_slice": {
    "criteria": {
      "has_melon": "2024-06-28 00:27:37 +0000"
    },
    "done": true
  },
  "travelersbackpack:recipes/misc/melon": {
    "criteria": {
      "has_melon_slice": "2024-06-28 00:27:37 +0000"
    },
    "done": true
  },
  "minecraft:recipes/building_blocks/melon": {
    "criteria": {
      "has_melon": "2024-06-28 00:27:37 +0000"
    },
    "done": true
  },
  "minecraft:husbandry/balanced_diet": {
    "criteria": {
      "melon_slice": "2024-06-28 00:36:33 +0000"
    },
    "done": false
  },
  "minecraft:recipes/misc/gold_nugget_from_smelting": {
    "criteria": {
      "has_golden_hoe": "2024-06-28 00:40:43 +0000"
    },
    "done": true
  },
  "minecraft:recipes/misc/gold_nugget_from_blasting": {
    "criteria": {
      "has_golden_hoe": "2024-06-28 00:40:43 +0000"
    },
    "done": true
  },
  "minecraft:recipes/combat/iron_leggings": {
    "criteria": {
      "has_iron_ingot": "2024-06-28 00:49:22 +0000"
    },
    "done": true
  },
  "travelersbackpack:recipes/misc/coal": {
    "criteria": {
      "has_coal": "2024-06-28 01:02:18 +0000"
    },
    "done": true
  },
  "minecraft:story/obtain_armor": {
    "criteria": {
      "iron_boots": "2024-06-28 00:49:20 +0000"
    },
    "done": true
  },
  "minecraft:recipes/misc/iron_nugget_from_smelting": {
    "criteria": {
      "has_iron_boots": "2024-06-28 00:49:20 +0000"
    },
    "done": true
  },
  "minecraft:recipes/combat/iron_chestplate": {
    "criteria": {
      "has_iron_ingot": "2024-06-28 00:49:22 +0000"
    },
    "done": true
  },
  "travelersbackpack:recipes/misc/backpack_tank": {
    "criteria": {
      "has_iron": "2024-06-28 00:49:22 +0000"
    },
    "done": true
  },
  "minecraft:recipes/misc/brown_dye": {
    "criteria": {
      "has_cocoa_beans": "2024-06-28 00:55:30 +0000"
    },
    "done": true
  },
  "cfm:recipes/decorations/blue_grill": {
    "criteria": {
      "has_iron": "2024-06-28 00:49:22 +0000"
    },
    "done": true
  },
  "cfm:recipes/decorations/light_blue_grill": {
    "criteria": {
      "has_iron": "2024-06-28 00:49:22 +0000"
    },
    "done": true
  },
  "minecraft:recipes/misc/iron_nugget": {
    "criteria": {
      "has_iron_ingot": "2024-06-28 00:49:22 +0000"
    },
    "done": true
  },
  "cfm:recipes/decorations/brown_grill": {
    "criteria": {
      "has_iron": "2024-06-28 00:49:22 +0000"
    },
    "done": true
  },
  "cfm:recipes/decorations/light_gray_grill": {
    "criteria": {
      "has_iron": "2024-06-28 00:49:22 +0000"
    },
    "done": true
  },
  "cfm:recipes/decorations/green_grill": {
    "criteria": {
      "has_iron": "2024-06-28 00:49:22 +0000"
    },
    "done": true
  },
  "minecraft:recipes/misc/bucket": {
    "criteria": {
      "has_iron_ingot": "2024-06-28 00:49:22 +0000"
    },
    "done": true
  },
  "minecraft:recipes/building_blocks/glass": {
    "criteria": {
      "has_smelts_to_glass": "2024-06-28 00:58:12 +0000"
    },
    "done": true
  },
  "minecraft:recipes/combat/iron_helmet": {
    "criteria": {
      "has_iron_ingot": "2024-06-28 00:49:22 +0000"
    },
    "done": true
  },
  "minecraft:recipes/transportation/minecart": {
    "criteria": {
      "has_iron_ingot": "2024-06-28 00:49:22 +0000"
    },
    "done": true
  },
  "minecraft:recipes/tools/iron_hoe": {
    "criteria": {
      "has_iron_ingot": "2024-06-28 00:49:22 +0000"
    },
    "done": true
  },
  "cfm:recipes/tools/spatula": {
    "criteria": {
      "has_iron": "2024-06-28 00:49:22 +0000"
    },
    "done": true
  },
  "cfm:recipes/decorations/pink_trampoline": {
    "criteria": {
      "has_iron": "2024-06-28 00:49:22 +0000"
    },
    "done": true
  },
  "travelersbackpack:recipes/misc/creeper": {
    "criteria": {
      "has_gunpowder": "2024-06-28 00:49:25 +0000"
    },
    "done": true
  },
  "cfm:recipes/decorations/fridge_dark": {
    "criteria": {
      "has_iron": "2024-06-28 00:49:22 +0000"
    },
    "done": true
  },
  "cfm:recipes/decorations/purple_grill": {
    "criteria": {
      "has_iron": "2024-06-28 00:49:22 +0000"
    },
    "done": true
  },
  "minecraft:story/smelt_iron": {
    "criteria": {
      "iron": "2024-06-28 00:49:22 +0000"
    },
    "done": true
  },
  "cfm:recipes/decorations/black_trampoline": {
    "criteria": {
      "has_iron": "2024-06-28 00:49:22 +0000"
    },
    "done": true
  },
  "minecraft:recipes/tools/shears": {
    "criteria": {
      "has_iron_ingot": "2024-06-28 00:49:22 +0000"
    },
    "done": true
  },
  "cfm:recipes/decorations/yellow_grill": {
    "criteria": {
      "has_iron": "2024-06-28 00:49:22 +0000"
    },
    "done": true
  },
  "cfm:recipes/decorations/fridge_light": {
    "criteria": {
      "has_iron": "2024-06-28 00:49:22 +0000"
    },
    "done": true
  },
  "minecraft:recipes/decorations/chain": {
    "criteria": {
      "has_iron_ingot": "2024-06-28 00:49:22 +0000"
    },
    "done": true
  },
  "minecraft:recipes/building_blocks/iron_block": {
    "criteria": {
      "has_iron_ingot": "2024-06-28 00:49:22 +0000"
    },
    "done": true
  },
  "minecraft:recipes/decorations/smithing_table": {
    "criteria": {
      "has_iron_ingot": "2024-06-28 00:49:22 +0000"
    },
    "done": true
  },
  "minecraft:recipes/food/cookie": {
    "criteria": {
      "has_cocoa": "2024-06-28 00:55:30 +0000"
    },
    "done": true
  },
  "cfm:recipes/decorations/blue_trampoline": {
    "criteria": {
      "has_iron": "2024-06-28 00:49:22 +0000"
    },
    "done": true
  },
  "tombstone:adventure/cancel_ghostly_shape": {
    "criteria": {
      "coded_trigger": "2024-06-28 00:48:11 +0000"
    },
    "done": true
  },
  "cfm:recipes/decorations/lime_trampoline": {
    "criteria": {
      "has_iron": "2024-06-28 00:49:22 +0000"
    },
    "done": true
  },
  "minecraft:recipes/building_blocks/coal_block": {
    "criteria": {
      "has_coal": "2024-06-28 01:02:18 +0000"
    },
    "done": true
  },
  "cfm:recipes/decorations/light_gray_trampoline": {
    "criteria": {
      "has_iron": "2024-06-28 00:49:22 +0000"
    },
    "done": true
  },
  "minecraft:recipes/combat/iron_sword": {
    "criteria": {
      "has_iron_ingot": "2024-06-28 00:49:22 +0000"
    },
    "done": true
  },
  "minecraft:recipes/tools/iron_pickaxe": {
    "criteria": {
      "has_iron_ingot": "2024-06-28 00:49:22 +0000"
    },
    "done": true
  },
  "cfm:recipes/decorations/white_grill": {
    "criteria": {
      "has_iron": "2024-06-28 00:49:22 +0000"
    },
    "done": true
  },
  "minecraft:recipes/combat/shield": {
    "criteria": {
      "has_iron_ingot": "2024-06-28 00:49:22 +0000"
    },
    "done": true
  },
  "minecraft:recipes/redstone/hopper": {
    "criteria": {
      "has_iron_ingot": "2024-06-28 00:49:22 +0000"
    },
    "done": true
  },
  "cfm:recipes/decorations/yellow_trampoline": {
    "criteria": {
      "has_iron": "2024-06-28 00:49:22 +0000"
    },
    "done": true
  },
  "travelersbackpack:recipes/misc/iron": {
    "criteria": {
      "has_iron_ingot": "2024-06-28 00:49:22 +0000"
    },
    "done": true
  },
  "minecraft:recipes/decorations/iron_bars": {
    "criteria": {
      "has_iron_ingot": "2024-06-28 00:49:22 +0000"
    },
    "done": true
  },
  "cfm:recipes/decorations/white_trampoline": {
    "criteria": {
      "has_iron": "2024-06-28 00:49:22 +0000"
    },
    "done": true
  },
  "cfm:recipes/decorations/orange_trampoline": {
    "criteria": {
      "has_iron": "2024-06-28 00:49:22 +0000"
    },
    "done": true
  },
  "travelersbackpack:recipes/misc/iron_tier_upgrade": {
    "criteria": {
      "has_iron_ingot": "2024-06-28 00:49:22 +0000"
    },
    "done": true
  },
  "cfm:recipes/decorations/post_box": {
    "criteria": {
      "has_iron": "2024-06-28 00:49:22 +0000"
    },
    "done": true
  },
  "minecraft:recipes/combat/iron_boots": {
    "criteria": {
      "has_iron_ingot": "2024-06-28 00:49:22 +0000"
    },
    "done": true
  },
  "travelersbackpack:recipes/misc/hose_nozzle": {
    "criteria": {
      "has_iron": "2024-06-28 00:49:22 +0000"
    },
    "done": true
  },
  "minecraft:recipes/decorations/lantern": {
    "criteria": {
      "has_iron_ingot": "2024-06-28 00:49:22 +0000"
    },
    "done": true
  },
  "cfm:recipes/decorations/gray_grill": {
    "criteria": {
      "has_iron": "2024-06-28 00:49:22 +0000"
    },
    "done": true
  },
  "cfm:recipes/decorations/cyan_trampoline": {
    "criteria": {
      "has_iron": "2024-06-28 00:49:22 +0000"
    },
    "done": true
  },
  "cfm:recipes/decorations/red_trampoline": {
    "criteria": {
      "has_iron": "2024-06-28 00:49:22 +0000"
    },
    "done": true
  },
  "biomesoplenty:recipes/building_blocks/black_sandstone": {
    "criteria": {
      "has_sand": "2024-06-28 00:58:12 +0000"
    },
    "done": true
  },
  "minecraft:recipes/tools/iron_shovel": {
    "criteria": {
      "has_iron_ingot": "2024-06-28 00:49:22 +0000"
    },
    "done": true
  },
  "cfm:recipes/decorations/magenta_grill": {
    "criteria": {
      "has_iron": "2024-06-28 00:49:22 +0000"
    },
    "done": true
  },
  "cfm:recipes/decorations/purple_trampoline": {
    "criteria": {
      "has_iron": "2024-06-28 00:49:22 +0000"
    },
    "done": true
  },
  "cfm:recipes/decorations/pink_grill": {
    "criteria": {
      "has_iron": "2024-06-28 00:49:22 +0000"
    },
    "done": true
  },
  "cfm:recipes/decorations/gray_trampoline": {
    "criteria": {
      "has_iron": "2024-06-28 00:49:22 +0000"
    },
    "done": true
  },
  "cfm:recipes/decorations/green_trampoline": {
    "criteria": {
      "has_iron": "2024-06-28 00:49:22 +0000"
    },
    "done": true
  },
  "cfm:recipes/decorations/brown_trampoline": {
    "criteria": {
      "has_iron": "2024-06-28 00:49:22 +0000"
    },
    "done": true
  },
  "cfm:recipes/decorations/cyan_grill": {
    "criteria": {
      "has_iron": "2024-06-28 00:49:22 +0000"
    },
    "done": true
  },
  "cfm:recipes/decorations/black_grill": {
    "criteria": {
      "has_iron": "2024-06-28 00:49:22 +0000"
    },
    "done": true
  },
  "minecraft:recipes/redstone/iron_trapdoor": {
    "criteria": {
      "has_iron_ingot": "2024-06-28 00:49:22 +0000"
    },
    "done": true
  },
  "cfm:recipes/decorations/orange_grill": {
    "criteria": {
      "has_iron": "2024-06-28 00:49:22 +0000"
    },
    "done": true
  },
  "minecraft:recipes/tools/iron_axe": {
    "criteria": {
      "has_iron_ingot": "2024-06-28 00:49:22 +0000"
    },
    "done": true
  },
  "cfm:recipes/decorations/magenta_trampoline": {
    "criteria": {
      "has_iron": "2024-06-28 00:49:22 +0000"
    },
    "done": true
  },
  "minecraft:recipes/combat/crossbow": {
    "criteria": {
      "has_iron_ingot": "2024-06-28 00:49:22 +0000"
    },
    "done": true
  },
  "minecraft:recipes/misc/iron_nugget_from_blasting": {
    "criteria": {
      "has_iron_boots": "2024-06-28 00:49:20 +0000"
    },
    "done": true
  },
  "cfm:recipes/decorations/light_blue_trampoline": {
    "criteria": {
      "has_iron": "2024-06-28 00:49:22 +0000"
    },
    "done": true
  },
  "minecraft:recipes/misc/firework_rocket_simple": {
    "criteria": {
      "has_gunpowder": "2024-06-28 00:49:25 +0000"
    },
    "done": true
  },
  "cfm:recipes/decorations/lime_grill": {
    "criteria": {
      "has_iron": "2024-06-28 00:49:22 +0000"
    },
    "done": true
  },
  "minecraft:recipes/redstone/tnt": {
    "criteria": {
      "has_gunpowder": "2024-06-28 00:49:25 +0000"
    },
    "done": true
  },
  "minecraft:recipes/redstone/iron_door": {
    "criteria": {
      "has_iron_ingot": "2024-06-28 00:49:22 +0000"
    },
    "done": true
  },
  "cfm:recipes/decorations/red_grill": {
    "criteria": {
      "has_iron": "2024-06-28 00:49:22 +0000"
    },
    "done": true
  },
  "minecraft:recipes/misc/iron_ingot_from_nuggets": {
    "criteria": {
      "has_iron_nugget": "2024-06-28 00:49:31 +0000"
    },
    "done": true
  },
  "minecraft:recipes/redstone/heavy_weighted_pressure_plate": {
    "criteria": {
      "has_iron_ingot": "2024-06-28 00:49:22 +0000"
    },
    "done": true
  },
  "DataVersion": 3465
}